state,state_name,page_type,tier,name,population,latitude,longitude,url_slug,include_reason
AK,Alaska,city,Core,Anchorage,289600,61.21806,-149.90028,/{segment}/ak/anchorage/,pop>=50k;top10-in-state
AK,Alaska,city,Extended,Fairbanks,32325,64.83778,-147.71639,/{segment}/ak/fairbanks/,top10-in-state
AK,Alaska,city,Extended,Juneau,31555,58.30194,-134.41972,/{segment}/ak/juneau/,top10-in-state
AK,Alaska,city,Extended,Eagle River,24793,61.32139,-149.56778,/{segment}/ak/eagle-river/,top10-in-state
AK,Alaska,city,Extended,Badger,19482,64.8,-147.53333,/{segment}/ak/badger/,top10-in-state
AL,Alabama,city,Core,Huntsville,215006,34.7304,-86.58594,/{segment}/al/huntsville/,pop>=50k;top10-in-state
AL,Alabama,city,Core,Birmingham,196357,33.52066,-86.80249,/{segment}/al/birmingham/,pop>=50k;top10-in-state
AL,Alabama,city,Core,Montgomery,195287,32.36681,-86.29997,/{segment}/al/montgomery/,pop>=50k;top10-in-state
AL,Alabama,city,Core,Mobile,183289,30.69436,-88.04305,/{segment}/al/mobile/,pop>=50k;top10-in-state
AL,Alabama,city,Core,Tuscaloosa,111338,33.20984,-87.56917,/{segment}/al/tuscaloosa/,pop>=50k;top10-in-state
AL,Alabama,city,Core,Hoover,84848,33.40539,-86.81138,/{segment}/al/hoover/,pop>=50k;top10-in-state
AL,Alabama,city,Core,Dothan,68567,31.22323,-85.39049,/{segment}/al/dothan/,pop>=50k;top10-in-state
AL,Alabama,city,Core,Auburn,62059,32.60986,-85.48078,/{segment}/al/auburn/,pop>=50k;top10-in-state
AL,Alabama,city,Core,Decatur,55437,34.60593,-86.98334,/{segment}/al/decatur/,pop>=50k;top10-in-state
AL,Alabama,city,Extended,Madison,46962,34.69926,-86.74833,/{segment}/al/madison/,top10-in-state
AL,Alabama,city,Extended,Florence,40026,34.79981,-87.67725,/{segment}/al/florence/,tier1-corridor-state
AL,Alabama,city,Extended,Phenix City,37570,32.47098,-85.00077,/{segment}/al/phenix-city/,tier1-corridor-state
AL,Alabama,city,Extended,Gadsden,36084,34.01434,-86.00639,/{segment}/al/gadsden/,tier1-corridor-state
AL,Alabama,city,Extended,East Florence,35733,34.80953,-87.64947,/{segment}/al/east-florence/,tier1-corridor-state
AL,Alabama,city,Extended,Prattville,35420,32.46402,-86.4597,/{segment}/al/prattville/,tier1-corridor-state
AL,Alabama,city,Extended,Vestavia Hills,34174,33.44872,-86.78777,/{segment}/al/vestavia-hills/,tier1-corridor-state
AL,Alabama,city,Extended,Alabaster,32707,33.24428,-86.81638,/{segment}/al/alabaster/,tier1-corridor-state
AL,Alabama,city,Extended,Opelika,29527,32.64541,-85.37828,/{segment}/al/opelika/,tier1-corridor-state
AL,Alabama,city,Extended,Enterprise,27978,31.31517,-85.85522,/{segment}/al/enterprise/,tier1-corridor-state
AL,Alabama,city,Extended,Bessemer,26730,33.40178,-86.95444,/{segment}/al/bessemer/,tier1-corridor-state
AL,Alabama,city,Extended,Homewood,25708,33.47177,-86.80082,/{segment}/al/homewood/,tier1-corridor-state
AL,Alabama,city,Extended,Athens,24966,34.80243,-86.97219,/{segment}/al/athens/,tier1-corridor-state
AL,Alabama,city,Extended,Daphne,24896,30.60353,-87.9036,/{segment}/al/daphne/,tier1-corridor-state
AL,Alabama,city,Extended,Northport,24772,33.22901,-87.57723,/{segment}/al/northport/,tier1-corridor-state
AL,Alabama,corridor,Core,I-10 (Alabama),,,,/{segment}/corridors/i-10/al/,tier1-freight-corridor; full-exit-coverage
AL,Alabama,corridor,Core,I-20 (Alabama),,,,/{segment}/corridors/i-20/al/,tier1-freight-corridor; full-exit-coverage
AL,Alabama,corridor,Extended,I-59 (Alabama),,,,/{segment}/corridors/i-59/al/,tier2-freight-corridor; route-page-only
AL,Alabama,corridor,Extended,I-65 (Alabama),,,,/{segment}/corridors/i-65/al/,tier2-freight-corridor; route-page-only
AL,Alabama,corridor,Core,I-85 (Alabama),,,,/{segment}/corridors/i-85/al/,tier1-freight-corridor; full-exit-coverage
AR,Arkansas,city,Core,Little Rock,202591,34.74648,-92.28959,/{segment}/ar/little-rock/,pop>=50k;top10-in-state
AR,Arkansas,city,Core,Fort Smith,88194,35.38592,-94.39855,/{segment}/ar/fort-smith/,pop>=50k;top10-in-state
AR,Arkansas,city,Core,Fayetteville,82830,36.06258,-94.15743,/{segment}/ar/fayetteville/,pop>=50k;top10-in-state
AR,Arkansas,city,Core,Springdale,77859,36.18674,-94.12881,/{segment}/ar/springdale/,pop>=50k;top10-in-state
AR,Arkansas,city,Core,Jonesboro,73907,35.8423,-90.70428,/{segment}/ar/jonesboro/,pop>=50k;top10-in-state
AR,Arkansas,city,Core,North Little Rock,66504,34.76954,-92.26709,/{segment}/ar/north-little-rock/,pop>=50k;top10-in-state
AR,Arkansas,city,Core,Conway,64980,35.0887,-92.4421,/{segment}/ar/conway/,pop>=50k;top10-in-state
AR,Arkansas,city,Core,Rogers,63159,36.33202,-94.11854,/{segment}/ar/rogers/,pop>=50k;top10-in-state
AR,Arkansas,city,Extended,Pine Bluff,44772,34.22843,-92.0032,/{segment}/ar/pine-bluff/,top10-in-state
AR,Arkansas,city,Extended,Bentonville,44499,36.37285,-94.20882,/{segment}/ar/bentonville/,top10-in-state
AR,Arkansas,city,Extended,Hot Springs,35635,34.5037,-93.05518,/{segment}/ar/hot-springs/,tier1-corridor-state
AR,Arkansas,city,Extended,Benton,34177,34.56454,-92.58683,/{segment}/ar/benton/,tier1-corridor-state
AR,Arkansas,city,Extended,Sherwood,30517,34.81509,-92.22432,/{segment}/ar/sherwood/,tier1-corridor-state
AR,Arkansas,city,Extended,Texarkana,30353,33.44179,-94.03769,/{segment}/ar/texarkana/,tier1-corridor-state
AR,Arkansas,city,Extended,Russellville,29166,35.27842,-93.13379,/{segment}/ar/russellville/,tier1-corridor-state
AR,Arkansas,city,Extended,Jacksonville,28643,34.8662,-92.11015,/{segment}/ar/jacksonville/,tier1-corridor-state
AR,Arkansas,city,Extended,Bella Vista,27999,36.4807,-94.27134,/{segment}/ar/bella-vista/,tier1-corridor-state
AR,Arkansas,city,Extended,Paragould,27900,36.0584,-90.49733,/{segment}/ar/paragould/,tier1-corridor-state
AR,Arkansas,city,Extended,Cabot,25587,34.97453,-92.01653,/{segment}/ar/cabot/,tier1-corridor-state
AR,Arkansas,city,Extended,West Memphis,25052,35.14648,-90.18454,/{segment}/ar/west-memphis/,tier1-corridor-state
AR,Arkansas,corridor,Extended,I-30 (Arkansas),,,,/{segment}/corridors/i-30/ar/,tier2-freight-corridor; route-page-only
AR,Arkansas,corridor,Core,I-40 (Arkansas),,,,/{segment}/corridors/i-40/ar/,tier1-freight-corridor; full-exit-coverage
AR,Arkansas,corridor,Extended,I-49 (Arkansas),,,,/{segment}/corridors/i-49/ar/,tier2-freight-corridor; route-page-only
AR,Arkansas,corridor,Extended,I-55 (Arkansas),,,,/{segment}/corridors/i-55/ar/,tier2-freight-corridor; route-page-only
AZ,Arizona,city,Core,Phoenix,1650070,33.44838,-112.07404,/{segment}/az/phoenix/,pop>=50k;top10-in-state
AZ,Arizona,city,Core,Tucson,542629,32.22174,-110.92648,/{segment}/az/tucson/,pop>=50k;top10-in-state
AZ,Arizona,city,Core,Mesa,471825,33.42227,-111.82264,/{segment}/az/mesa/,pop>=50k;top10-in-state
AZ,Arizona,city,Core,Chandler,260828,33.30616,-111.84125,/{segment}/az/chandler/,pop>=50k;top10-in-state
AZ,Arizona,city,Core,Gilbert,247542,33.35283,-111.78903,/{segment}/az/gilbert/,pop>=50k;top10-in-state
AZ,Arizona,city,Core,Glendale,240126,33.53865,-112.18599,/{segment}/az/glendale/,pop>=50k;top10-in-state
AZ,Arizona,city,Core,Scottsdale,236839,33.50921,-111.89903,/{segment}/az/scottsdale/,pop>=50k;top10-in-state
AZ,Arizona,city,Core,Maryvale,208189,33.50199,-112.17765,/{segment}/az/maryvale/,pop>=50k;top10-in-state
AZ,Arizona,city,Core,Peoria,190985,33.5806,-112.23738,/{segment}/az/peoria/,pop>=50k;top10-in-state
AZ,Arizona,city,Core,Tempe,175826,33.41477,-111.90931,/{segment}/az/tempe/,pop>=50k;top10-in-state
AZ,Arizona,city,Core,Deer Valley,165656,33.68393,-112.13488,/{segment}/az/deer-valley/,pop>=50k
AZ,Arizona,city,Core,Tempe Junction,158368,33.41421,-111.94348,/{segment}/az/tempe-junction/,pop>=50k
AZ,Arizona,city,Core,Surprise,143148,33.63059,-112.33322,/{segment}/az/surprise/,pop>=50k
AZ,Arizona,city,Core,Alhambra,127764,33.49838,-112.13432,/{segment}/az/alhambra/,pop>=50k
AZ,Arizona,city,Core,Yuma,95548,32.72532,-114.6244,/{segment}/az/yuma/,pop>=50k
AZ,Arizona,city,Core,Ahwatukee Foothills,83464,33.34171,-111.98403,/{segment}/az/ahwatukee-foothills/,pop>=50k
AZ,Arizona,city,Core,San Tan Valley,81321,33.1911,-111.528,/{segment}/az/san-tan-valley/,pop>=50k
AZ,Arizona,city,Core,Avondale,80684,33.4356,-112.3496,/{segment}/az/avondale/,pop>=50k
AZ,Arizona,city,Core,Goodyear,79003,33.43532,-112.35821,/{segment}/az/goodyear/,pop>=50k
AZ,Arizona,city,Core,Flagstaff,70320,35.19807,-111.65127,/{segment}/az/flagstaff/,pop>=50k
AZ,Arizona,city,Core,Casas Adobes,66795,32.32341,-110.9951,/{segment}/az/casas-adobes/,pop>=50k
AZ,Arizona,city,Core,Central City,58161,33.44001,-112.05805,/{segment}/az/central-city/,pop>=50k
AZ,Arizona,city,Core,Encanto,54614,33.47937,-112.07823,/{segment}/az/encanto/,pop>=50k
AZ,Arizona,city,Core,Lake Havasu City,53553,34.4839,-114.32245,/{segment}/az/lake-havasu-city/,pop>=50k
AZ,Arizona,city,Core,Casa Grande,51460,32.8795,-111.75735,/{segment}/az/casa-grande/,pop>=50k
AZ,Arizona,city,Core,Buckeye,50876,33.37032,-112.58378,/{segment}/az/buckeye/,pop>=50k
AZ,Arizona,city,Core,Catalina Foothills,50796,32.29785,-110.9187,/{segment}/az/catalina-foothills/,pop>=50k
AZ,Arizona,city,Extended,Maricopa,48602,33.05811,-112.04764,/{segment}/az/maricopa/,tier1-corridor-state
AZ,Arizona,city,Extended,Oro Valley,45303,32.39091,-110.96649,/{segment}/az/oro-valley/,tier1-corridor-state
AZ,Arizona,city,Extended,Sierra Vista,43355,31.55454,-110.30369,/{segment}/az/sierra-vista/,tier1-corridor-state
AZ,Arizona,city,Extended,Prescott Valley,42197,34.61002,-112.31572,/{segment}/az/prescott-valley/,tier1-corridor-state
AZ,Arizona,city,Extended,Prescott,41899,34.54002,-112.4685,/{segment}/az/prescott/,tier1-corridor-state
AZ,Arizona,city,Extended,Marana,41315,32.43674,-111.22538,/{segment}/az/marana/,tier1-corridor-state
AZ,Arizona,city,Extended,Bullhead City,39445,35.14778,-114.5683,/{segment}/az/bullhead-city/,tier1-corridor-state
AZ,Arizona,city,Extended,Apache Junction,38074,33.41505,-111.54958,/{segment}/az/apache-junction/,tier1-corridor-state
AZ,Arizona,city,Extended,Sun City,37499,33.59754,-112.27182,/{segment}/az/sun-city/,tier1-corridor-state
AZ,Arizona,city,Extended,Queen Creek,34614,33.24866,-111.6343,/{segment}/az/queen-creek/,tier1-corridor-state
AZ,Arizona,city,Extended,El Mirage,33935,33.61309,-112.3246,/{segment}/az/el-mirage/,tier1-corridor-state
AZ,Arizona,city,Extended,San Luis,31520,32.487,-114.78218,/{segment}/az/san-luis/,tier1-corridor-state
AZ,Arizona,city,Extended,Florence,31110,33.03145,-111.38734,/{segment}/az/florence/,tier1-corridor-state
AZ,Arizona,city,Extended,Kingman,28912,35.18944,-114.05301,/{segment}/az/kingman/,tier1-corridor-state
AZ,Arizona,city,Extended,Drexel Heights,27749,32.14119,-111.02843,/{segment}/az/drexel-heights/,tier1-corridor-state
AZ,Arizona,city,Extended,Fortuna Foothills,26265,32.65783,-114.41189,/{segment}/az/fortuna-foothills/,tier1-corridor-state
AZ,Arizona,city,Extended,Sahuarita,25707,31.95758,-110.95565,/{segment}/az/sahuarita/,tier1-corridor-state
AZ,Arizona,corridor,Core,I-10 (Arizona),,,,/{segment}/corridors/i-10/az/,tier1-freight-corridor; full-exit-coverage
AZ,Arizona,corridor,Core,I-15 (Arizona),,,,/{segment}/corridors/i-15/az/,tier1-freight-corridor; full-exit-coverage
AZ,Arizona,corridor,Extended,I-17 (Arizona),,,,/{segment}/corridors/i-17/az/,tier2-freight-corridor; route-page-only
AZ,Arizona,corridor,Core,I-40 (Arizona),,,,/{segment}/corridors/i-40/az/,tier1-freight-corridor; full-exit-coverage
AZ,Arizona,corridor,Extended,I-8 (Arizona),,,,/{segment}/corridors/i-8/az/,tier2-freight-corridor; route-page-only
CA,California,city,Core,Los Angeles,3820914,34.05223,-118.24368,/{segment}/ca/los-angeles/,pop>=50k;top10-in-state
CA,California,city,Core,San Diego,1404452,32.71571,-117.16472,/{segment}/ca/san-diego/,pop>=50k;top10-in-state
CA,California,city,Core,San Jose,997368,37.33939,-121.89496,/{segment}/ca/san-jose/,pop>=50k;top10-in-state
CA,California,city,Core,San Francisco,827526,37.77493,-122.41942,/{segment}/ca/san-francisco/,pop>=50k;top10-in-state
CA,California,city,Core,Fresno,542107,36.74773,-119.77237,/{segment}/ca/fresno/,pop>=50k;top10-in-state
CA,California,city,Core,Sacramento,524943,38.58157,-121.4944,/{segment}/ca/sacramento/,pop>=50k;top10-in-state
CA,California,city,Core,Long Beach,474140,33.76696,-118.18923,/{segment}/ca/long-beach/,pop>=50k;top10-in-state
CA,California,city,Core,Oakland,419267,37.80437,-122.2708,/{segment}/ca/oakland/,pop>=50k;top10-in-state
CA,California,city,Core,Bakersfield,373640,35.37329,-119.01871,/{segment}/ca/bakersfield/,pop>=50k;top10-in-state
CA,California,city,Core,Anaheim,350742,33.83529,-117.9145,/{segment}/ca/anaheim/,pop>=50k;top10-in-state
CA,California,city,Core,Riverside,317261,33.95335,-117.39616,/{segment}/ca/riverside/,pop>=50k
CA,California,city,Core,Santa Ana,310227,33.74557,-117.86783,/{segment}/ca/santa-ana/,pop>=50k
CA,California,city,Core,Stockton,305658,37.9577,-121.29078,/{segment}/ca/stockton/,pop>=50k
CA,California,city,Core,Chula Vista,265757,32.64005,-117.0842,/{segment}/ca/chula-vista/,pop>=50k
CA,California,city,Core,Irvine,256927,33.66946,-117.82311,/{segment}/ca/irvine/,pop>=50k
CA,California,city,Core,Fremont,232206,37.54827,-121.98857,/{segment}/ca/fremont/,pop>=50k
CA,California,city,Core,San Bernardino,216108,34.10834,-117.28977,/{segment}/ca/san-bernardino/,pop>=50k
CA,California,city,Core,Fontana,212704,34.09223,-117.43505,/{segment}/ca/fontana/,pop>=50k
CA,California,city,Core,Modesto,211266,37.6391,-120.99688,/{segment}/ca/modesto/,pop>=50k
CA,California,city,Core,Oxnard,207254,34.1975,-119.17705,/{segment}/ca/oxnard/,pop>=50k
CA,California,city,Core,Moreno Valley,204198,33.93752,-117.23059,/{segment}/ca/moreno-valley/,pop>=50k
CA,California,city,Core,Huntington Beach,201899,33.6603,-117.99923,/{segment}/ca/huntington-beach/,pop>=50k
CA,California,city,Core,Glendale,201020,34.14251,-118.25508,/{segment}/ca/glendale/,pop>=50k
CA,California,city,Core,Santa Clarita,182371,34.39166,-118.54259,/{segment}/ca/santa-clarita/,pop>=50k
CA,California,city,Core,Santa Rosa,178127,38.44047,-122.71443,/{segment}/ca/santa-rosa/,pop>=50k
CA,California,city,Core,Oceanside,175691,33.19587,-117.37948,/{segment}/ca/oceanside/,pop>=50k
CA,California,city,Core,Garden Grove,175393,33.77391,-117.94145,/{segment}/ca/garden-grove/,pop>=50k
CA,California,city,Core,Rancho Cucamonga,175236,34.1064,-117.59311,/{segment}/ca/rancho-cucamonga/,pop>=50k
CA,California,city,Core,Ontario,171214,34.06334,-117.65089,/{segment}/ca/ontario/,pop>=50k
CA,California,city,Core,Hollywood,167664,34.09834,-118.32674,/{segment}/ca/hollywood/,pop>=50k
CA,California,city,Core,Elk Grove,166913,38.4088,-121.37162,/{segment}/ca/elk-grove/,pop>=50k
CA,California,city,Core,Corona,164226,33.87529,-117.56644,/{segment}/ca/corona/,pop>=50k
CA,California,city,Core,Lancaster,161103,34.69804,-118.13674,/{segment}/ca/lancaster/,pop>=50k
CA,California,city,Core,Palmdale,158351,34.57943,-118.11646,/{segment}/ca/palmdale/,pop>=50k
CA,California,city,Core,Hayward,158289,37.66882,-122.0808,/{segment}/ca/hayward/,pop>=50k
CA,California,city,Core,Salinas,157380,36.67774,-121.6555,/{segment}/ca/salinas/,pop>=50k
CA,California,city,Core,Sunnyvale,155805,37.36883,-122.03635,/{segment}/ca/sunnyvale/,pop>=50k
CA,California,city,Core,Pomona,153266,34.05529,-117.75228,/{segment}/ca/pomona/,pop>=50k
CA,California,city,Core,Escondido,151038,33.11921,-117.08642,/{segment}/ca/escondido/,pop>=50k
CA,California,city,Core,Valencia,148456,34.44361,-118.60953,/{segment}/ca/valencia/,pop>=50k
CA,California,city,Core,Torrance,143592,33.83585,-118.34063,/{segment}/ca/torrance/,pop>=50k
CA,California,city,Core,Pasadena,142250,34.14778,-118.14452,/{segment}/ca/pasadena/,pop>=50k
CA,California,city,Core,Orange,140992,33.78779,-117.85311,/{segment}/ca/orange/,pop>=50k
CA,California,city,Core,Fullerton,140847,33.87029,-117.92534,/{segment}/ca/fullerton/,pop>=50k
CA,California,city,Core,Van Nuys,136443,34.18667,-118.44897,/{segment}/ca/van-nuys/,pop>=50k
CA,California,city,Core,Roseville,130269,38.75212,-121.28801,/{segment}/ca/roseville/,pop>=50k
CA,California,city,Core,Visalia,130104,36.33023,-119.29206,/{segment}/ca/visalia/,pop>=50k
CA,California,city,Core,Thousand Oaks,129339,34.17056,-118.83759,/{segment}/ca/thousand-oaks/,pop>=50k
CA,California,city,Core,Concord,128667,37.97798,-122.03107,/{segment}/ca/concord/,pop>=50k
CA,California,city,Core,Simi Valley,126788,34.26945,-118.78148,/{segment}/ca/simi-valley/,pop>=50k
CA,California,city,Core,East Los Angeles,126496,34.0239,-118.17202,/{segment}/ca/east-los-angeles/,pop>=50k
CA,California,city,Core,Santa Clara,126215,37.35411,-121.95524,/{segment}/ca/santa-clara/,pop>=50k
CA,California,city,Core,Koreatown,124281,34.05779,-118.30091,/{segment}/ca/koreatown/,pop>=50k
CA,California,city,Core,Victorville,122225,34.53611,-117.29116,/{segment}/ca/victorville/,pop>=50k
CA,California,city,Core,Vallejo,121692,38.10409,-122.25664,/{segment}/ca/vallejo/,pop>=50k
CA,California,city,Core,Chico,121345,39.72849,-121.83748,/{segment}/ca/chico/,pop>=50k
CA,California,city,Core,Berkeley,120972,37.87159,-122.27275,/{segment}/ca/berkeley/,pop>=50k
CA,California,city,Core,El Monte,116732,34.06862,-118.02757,/{segment}/ca/el-monte/,pop>=50k
CA,California,city,Core,Carlsbad,114746,33.15809,-117.35059,/{segment}/ca/carlsbad/,pop>=50k
CA,California,city,Core,Downey,114219,33.94001,-118.13257,/{segment}/ca/downey/,pop>=50k
CA,California,city,Core,Costa Mesa,113204,33.64113,-117.91867,/{segment}/ca/costa-mesa/,pop>=50k
CA,California,city,Core,Fairfield,112970,38.24936,-122.03997,/{segment}/ca/fairfield/,pop>=50k
CA,California,city,Core,Inglewood,111666,33.96168,-118.35313,/{segment}/ca/inglewood/,pop>=50k
CA,California,city,Core,Antioch,110542,38.00492,-121.80579,/{segment}/ca/antioch/,pop>=50k
CA,California,city,Core,Temecula,110003,33.49364,-117.14836,/{segment}/ca/temecula/,pop>=50k
CA,California,city,Core,Murrieta,109830,33.55391,-117.21392,/{segment}/ca/murrieta/,pop>=50k
CA,California,city,Core,Richmond,109708,37.93576,-122.34775,/{segment}/ca/richmond/,pop>=50k
CA,California,city,Core,West Covina,108484,34.06862,-117.93895,/{segment}/ca/west-covina/,pop>=50k
CA,California,city,Core,Norwalk,107140,33.90224,-118.08173,/{segment}/ca/norwalk/,pop>=50k
CA,California,city,Core,Daly City,106562,37.70577,-122.46192,/{segment}/ca/daly-city/,pop>=50k
CA,California,city,Core,Burbank,105319,34.18084,-118.30897,/{segment}/ca/burbank/,pop>=50k
CA,California,city,Core,Santa Maria,105093,34.95303,-120.43572,/{segment}/ca/santa-maria/,pop>=50k
CA,California,city,Core,Universal City,105000,34.1389,-118.35341,/{segment}/ca/universal-city/,pop>=50k
CA,California,city,Core,Clovis,104180,36.82523,-119.70292,/{segment}/ca/clovis/,pop>=50k
CA,California,city,Core,El Cajon,103679,32.79477,-116.96253,/{segment}/ca/el-cajon/,pop>=50k
CA,California,city,Core,San Mateo,103536,37.56299,-122.32553,/{segment}/ca/san-mateo/,pop>=50k
CA,California,city,Core,Rialto,103132,34.1064,-117.37032,/{segment}/ca/rialto/,pop>=50k
CA,California,city,Core,Vista,100890,33.20004,-117.24254,/{segment}/ca/vista/,pop>=50k
CA,California,city,Core,Chinatown,100574,37.7966,-122.40858,/{segment}/ca/chinatown/,pop>=50k
CA,California,city,Core,Compton,98462,33.89585,-118.22007,/{segment}/ca/compton/,pop>=50k
CA,California,city,Core,Mission Viejo,97156,33.60002,-117.672,/{segment}/ca/mission-viejo/,pop>=50k
CA,California,city,Core,Vacaville,96803,38.35658,-121.98774,/{segment}/ca/vacaville/,pop>=50k
CA,California,city,Core,Ventura,96769,34.27834,-119.29317,/{segment}/ca/ventura/,pop>=50k
CA,California,city,Core,South Gate,96401,33.95474,-118.21202,/{segment}/ca/south-gate/,pop>=50k
CA,California,city,Core,Hesperia,93295,34.42639,-117.30088,/{segment}/ca/hesperia/,pop>=50k
CA,California,city,Core,Carson,93281,33.83141,-118.28202,/{segment}/ca/carson/,pop>=50k
CA,California,city,Core,Santa Monica,93220,34.01949,-118.49138,/{segment}/ca/santa-monica/,pop>=50k
CA,California,city,Core,San Marcos,92931,33.14337,-117.16614,/{segment}/ca/san-marcos/,pop>=50k
CA,California,city,Core,Boyle Heights,92785,34.0339,-118.20535,/{segment}/ca/boyle-heights/,pop>=50k
CA,California,city,Core,Arden-Arcade,92186,38.6025,-121.37854,/{segment}/ca/arden-arcade/,pop>=50k
CA,California,city,Core,Westminster,92114,33.75918,-118.00673,/{segment}/ca/westminster/,pop>=50k
CA,California,city,Core,Santa Barbara,91842,34.42083,-119.69819,/{segment}/ca/santa-barbara/,pop>=50k
CA,California,city,Core,Redding,91582,40.58654,-122.39168,/{segment}/ca/redding/,pop>=50k
CA,California,city,Core,San Leandro,90712,37.72493,-122.15608,/{segment}/ca/san-leandro/,pop>=50k
CA,California,city,Core,Hawthorne,88451,33.9164,-118.35257,/{segment}/ca/hawthorne/,pop>=50k
CA,California,city,Core,Livermore,88126,37.68187,-121.76801,/{segment}/ca/livermore/,pop>=50k
CA,California,city,Core,Indio,87533,33.7207,-116.21677,/{segment}/ca/indio/,pop>=50k
CA,California,city,Core,Whittier,87438,33.97918,-118.03284,/{segment}/ca/whittier/,pop>=50k
CA,California,city,Core,Menifee,87174,33.72835,-117.14642,/{segment}/ca/menifee/,pop>=50k
CA,California,city,Core,Newport Beach,87127,33.61891,-117.92895,/{segment}/ca/newport-beach/,pop>=50k
CA,California,city,Core,Tracy,87075,37.73987,-121.42618,/{segment}/ca/tracy/,pop>=50k
CA,California,city,Core,Citrus Heights,87056,38.70712,-121.28106,/{segment}/ca/citrus-heights/,pop>=50k
CA,California,city,Core,Chino,85595,34.01223,-117.68894,/{segment}/ca/chino/,pop>=50k
CA,California,city,Core,Alhambra,85551,34.09529,-118.12701,/{segment}/ca/alhambra/,pop>=50k
CA,California,city,Core,Redwood City,85288,37.48522,-122.23635,/{segment}/ca/redwood-city/,pop>=50k
CA,California,city,Core,Hemet,83861,33.74761,-116.97307,/{segment}/ca/hemet/,pop>=50k
CA,California,city,Core,San Pedro,83556,33.73585,-118.29229,/{segment}/ca/san-pedro/,pop>=50k
CA,California,city,Core,Buena Park,83270,33.86751,-117.99812,/{segment}/ca/buena-park/,pop>=50k
CA,California,city,Core,Mid-City,83000,34.04126,-118.36058,/{segment}/ca/mid-city/,pop>=50k
CA,California,city,Core,Lake Forest,82492,33.64697,-117.68922,/{segment}/ca/lake-forest/,pop>=50k
CA,California,city,Core,Merced,82436,37.30216,-120.48297,/{segment}/ca/merced/,pop>=50k
CA,California,city,Core,Lakewood,81611,33.85363,-118.13396,/{segment}/ca/lakewood/,pop>=50k
CA,California,city,Core,Tustin,80583,33.74585,-117.82617,/{segment}/ca/tustin/,pop>=50k
CA,California,city,Core,Mountain View,80435,37.38605,-122.08385,/{segment}/ca/mountain-view/,pop>=50k
CA,California,city,Core,Napa,80434,38.29714,-122.28553,/{segment}/ca/napa/,pop>=50k
CA,California,city,Core,Sylmar,79614,34.30778,-118.44925,/{segment}/ca/sylmar/,pop>=50k
CA,California,city,Core,Pleasanton,79510,37.66243,-121.87468,/{segment}/ca/pleasanton/,pop>=50k
CA,California,city,Core,Alameda,78630,37.77099,-122.26087,/{segment}/ca/alameda/,pop>=50k
CA,California,city,Core,Bellflower,78441,33.88168,-118.11701,/{segment}/ca/bellflower/,pop>=50k
CA,California,city,Core,Chino Hills,78309,33.9938,-117.75888,/{segment}/ca/chino-hills/,pop>=50k
CA,California,city,Core,Milpitas,77604,37.42827,-121.90662,/{segment}/ca/milpitas/,pop>=50k
CA,California,city,Core,Baldwin Park,77071,34.08529,-117.9609,/{segment}/ca/baldwin-park/,pop>=50k
CA,California,city,Core,Upland,76443,34.09751,-117.64839,/{segment}/ca/upland/,pop>=50k
CA,California,city,Core,Folsom,76375,38.67796,-121.17606,/{segment}/ca/folsom/,pop>=50k
CA,California,city,Core,San Ramon,76134,37.77993,-121.97802,/{segment}/ca/san-ramon/,pop>=50k
CA,California,city,Core,Manteca,75448,37.79743,-121.21605,/{segment}/ca/manteca/,pop>=50k
CA,California,city,Core,Perris,74971,33.78252,-117.22865,/{segment}/ca/perris/,pop>=50k
CA,California,city,Core,Union City,74494,37.59577,-122.01913,/{segment}/ca/union-city/,pop>=50k
CA,California,city,Core,Turlock,72292,37.49466,-120.84659,/{segment}/ca/turlock/,pop>=50k
CA,California,city,Core,Apple Valley,72174,34.50083,-117.18588,/{segment}/ca/apple-valley/,pop>=50k
CA,California,city,Core,Lynwood,71989,33.93029,-118.21146,/{segment}/ca/lynwood/,pop>=50k
CA,California,city,Core,Redlands,71035,34.05557,-117.18254,/{segment}/ca/redlands/,pop>=50k
CA,California,city,Core,Rancho Cordova,71017,38.58907,-121.30273,/{segment}/ca/rancho-cordova/,pop>=50k
CA,California,city,Core,Mira Mesa,70000,32.9156,-117.14392,/{segment}/ca/mira-mesa/,pop>=50k
CA,California,city,Core,Woodland Hills,70000,34.16834,-118.60592,/{segment}/ca/woodland-hills/,pop>=50k
CA,California,city,Core,Pittsburg,69424,38.02798,-121.88468,/{segment}/ca/pittsburg/,pop>=50k
CA,California,city,Core,Walnut Creek,68910,37.90631,-122.06496,/{segment}/ca/walnut-creek/,pop>=50k
CA,California,city,Core,Northridge,68469,34.22834,-118.53675,/{segment}/ca/northridge/,pop>=50k
CA,California,city,Core,Redondo Beach,68166,33.84918,-118.38841,/{segment}/ca/redondo-beach/,pop>=50k
CA,California,city,Core,Yorba Linda,67973,33.88863,-117.81311,/{segment}/ca/yorba-linda/,pop>=50k
CA,California,city,Core,Davis,67666,38.54491,-121.74052,/{segment}/ca/davis/,pop>=50k
CA,California,city,Core,Camarillo,67608,34.21639,-119.0376,/{segment}/ca/camarillo/,pop>=50k
CA,California,city,Core,South San Francisco,67271,37.65466,-122.40775,/{segment}/ca/south-san-francisco/,pop>=50k
CA,California,city,Core,Yuba City,66941,39.14045,-121.61691,/{segment}/ca/yuba-city/,pop>=50k
CA,California,city,Core,Palo Alto,66853,37.44188,-122.14302,/{segment}/ca/palo-alto/,pop>=50k
CA,California,city,Core,Laguna Niguel,65806,33.52253,-117.70755,/{segment}/ca/laguna-niguel/,pop>=50k
CA,California,city,Core,San Clemente,65526,33.42697,-117.61199,/{segment}/ca/san-clemente/,pop>=50k
CA,California,city,Core,Reseda,65000,34.20112,-118.53647,/{segment}/ca/reseda/,pop>=50k
CA,California,city,Core,Lodi,64596,38.1302,-121.27245,/{segment}/ca/lodi/,pop>=50k
CA,California,city,Core,North Hollywood,64587,34.17223,-118.37897,/{segment}/ca/north-hollywood/,pop>=50k
CA,California,city,Core,Santa Cruz,64220,36.97412,-122.0308,/{segment}/ca/santa-cruz/,pop>=50k
CA,California,city,Core,Pico Rivera,64218,33.98307,-118.09673,/{segment}/ca/pico-rivera/,pop>=50k
CA,California,city,Core,Madera,64208,36.96134,-120.06072,/{segment}/ca/madera/,pop>=50k
CA,California,city,Core,Montebello,63921,34.00946,-118.10535,/{segment}/ca/montebello/,pop>=50k
CA,California,city,Core,Florence-Graham,63387,33.96772,-118.24438,/{segment}/ca/florence-graham/,pop>=50k
CA,California,city,Core,Encinitas,62930,33.03699,-117.29198,/{segment}/ca/encinitas/,pop>=50k
CA,California,city,Core,Tulare,62315,36.20773,-119.34734,/{segment}/ca/tulare/,pop>=50k
CA,California,city,Core,La Habra,62131,33.93196,-117.94617,/{segment}/ca/la-habra/,pop>=50k
CA,California,city,Core,Lake Elsinore,61981,33.66808,-117.32726,/{segment}/ca/lake-elsinore/,pop>=50k
CA,California,city,Core,Carmichael,61762,38.61713,-121.32828,/{segment}/ca/carmichael/,pop>=50k
CA,California,city,Core,Monterey Park,61468,34.06251,-118.12285,/{segment}/ca/monterey-park/,pop>=50k
CA,California,city,Core,Castro Valley,61388,37.6941,-122.08635,/{segment}/ca/castro-valley/,pop>=50k
CA,California,city,Core,Rocklin,61213,38.79073,-121.23578,/{segment}/ca/rocklin/,pop>=50k
CA,California,city,Core,National City,61060,32.67811,-117.0992,/{segment}/ca/national-city/,pop>=50k
CA,California,city,Core,Canoga Park,60578,34.20112,-118.59814,/{segment}/ca/canoga-park/,pop>=50k
CA,California,city,Core,Cupertino,60572,37.323,-122.03218,/{segment}/ca/cupertino/,pop>=50k
CA,California,city,Core,Gardena,60447,33.88835,-118.30896,/{segment}/ca/gardena/,pop>=50k
CA,California,city,Core,Petaluma,60438,38.23242,-122.63665,/{segment}/ca/petaluma/,pop>=50k
CA,California,city,Core,La Mesa,60089,32.76783,-117.02308,/{segment}/ca/la-mesa/,pop>=50k
CA,California,city,Core,Rancho Penasquitos,60000,32.95949,-117.11531,/{segment}/ca/rancho-penasquitos/,pop>=50k
CA,California,city,Core,Valley Glen,60000,34.18568,-118.42032,/{segment}/ca/valley-glen/,pop>=50k
CA,California,city,Core,Canyon Country,59530,34.42333,-118.47203,/{segment}/ca/canyon-country/,pop>=50k
CA,California,city,Core,Huntington Park,59430,33.98168,-118.22507,/{segment}/ca/huntington-park/,pop>=50k
CA,California,city,Core,San Rafael,59162,37.97353,-122.53109,/{segment}/ca/san-rafael/,pop>=50k
CA,California,city,Core,Eastvale,59039,33.96358,-117.56418,/{segment}/ca/eastvale/,pop>=50k
CA,California,city,Core,Brentwood,58968,37.93187,-121.69579,/{segment}/ca/brentwood/,pop>=50k
CA,California,city,Core,Woodland,58567,38.67852,-121.7733,/{segment}/ca/woodland/,pop>=50k
CA,California,city,Core,Arcadia,58408,34.13973,-118.03534,/{segment}/ca/arcadia/,pop>=50k
CA,California,city,Core,Santee,57787,32.83838,-116.97392,/{segment}/ca/santee/,pop>=50k
CA,California,city,Core,Dublin,57721,37.70215,-121.93579,/{segment}/ca/dublin/,pop>=50k
CA,California,city,Core,South Whittier,57156,33.95015,-118.03917,/{segment}/ca/south-whittier/,pop>=50k
CA,California,city,Core,Fountain Valley,56987,33.70918,-117.95367,/{segment}/ca/fountain-valley/,pop>=50k
CA,California,city,Core,North Hills,56946,34.23639,-118.48472,/{segment}/ca/north-hills/,pop>=50k
CA,California,city,Core,Diamond Bar,56897,34.02862,-117.81034,/{segment}/ca/diamond-bar/,pop>=50k
CA,California,city,Core,Porterville,56058,36.06523,-119.01677,/{segment}/ca/porterville/,pop>=50k
CA,California,city,Core,Hanford,55659,36.32745,-119.64568,/{segment}/ca/hanford/,pop>=50k
CA,California,city,Core,Novato,55530,38.10742,-122.5697,/{segment}/ca/novato/,pop>=50k
CA,California,city,Core,Paramount,55412,33.88946,-118.15979,/{segment}/ca/paramount/,pop>=50k
CA,California,city,Core,Rosemead,54908,34.08057,-118.07285,/{segment}/ca/rosemead/,pop>=50k
CA,California,city,Core,Highland,54854,34.12834,-117.20865,/{segment}/ca/highland/,pop>=50k
CA,California,city,Core,Colton,54621,34.0739,-117.31365,/{segment}/ca/colton/,pop>=50k
CA,California,city,Core,Hacienda Heights,54038,33.99307,-117.96868,/{segment}/ca/hacienda-heights/,pop>=50k
CA,California,city,Core,Cathedral City,53826,33.77974,-116.46529,/{segment}/ca/cathedral-city/,pop>=50k
CA,California,city,Core,Watsonville,53628,36.91023,-121.75689,/{segment}/ca/watsonville/,pop>=50k
CA,California,city,Core,Yucaipa,53328,34.03363,-117.04309,/{segment}/ca/yucaipa/,pop>=50k
CA,California,city,Core,Gilroy,53231,37.00578,-121.56828,/{segment}/ca/gilroy/,pop>=50k
CA,California,city,Core,Delano,52733,35.76884,-119.24705,/{segment}/ca/delano/,pop>=50k
CA,California,city,Core,West Sacramento,52721,38.58046,-121.53023,/{segment}/ca/west-sacramento/,pop>=50k
CA,California,city,Core,Sherman Oaks,52677,34.15112,-118.44925,/{segment}/ca/sherman-oaks/,pop>=50k
CA,California,city,Core,Placentia,52495,33.87224,-117.87034,/{segment}/ca/placentia/,pop>=50k
CA,California,city,Core,Glendora,52009,34.13612,-117.86534,/{segment}/ca/glendora/,pop>=50k
CA,California,city,Core,Wilmington,52000,33.78002,-118.26257,/{segment}/ca/wilmington/,pop>=50k
CA,California,city,Core,Palm Desert,51869,33.72255,-116.37697,/{segment}/ca/palm-desert/,pop>=50k
CA,California,city,Core,Aliso Viejo,50195,33.56504,-117.72712,/{segment}/ca/aliso-viejo/,pop>=50k
CA,California,city,Core,Poway,50157,32.96282,-117.03586,/{segment}/ca/poway/,pop>=50k
CA,California,city,Extended,Cerritos,49975,33.85835,-118.06479,/{segment}/ca/cerritos/,tier1-corridor-state
CA,California,city,Extended,Lincoln,49757,38.89156,-121.29301,/{segment}/ca/lincoln/,tier1-corridor-state
CA,California,city,Extended,Azusa,49690,34.13362,-117.90756,/{segment}/ca/azusa/,tier1-corridor-state
CA,California,city,Extended,La Mirada,49520,33.91724,-118.01201,/{segment}/ca/la-mirada/,tier1-corridor-state
CA,California,city,Extended,Rancho Santa Margarita,49324,33.64086,-117.6031,/{segment}/ca/rancho-santa-margarita/,tier1-corridor-state
CA,California,city,Extended,Cypress,49290,33.81696,-118.03729,/{segment}/ca/cypress/,tier1-corridor-state
CA,California,city,Extended,Rowland Heights,48993,33.97612,-117.90534,/{segment}/ca/rowland-heights/,tier1-corridor-state
CA,California,city,Extended,Covina,48984,34.09001,-117.89034,/{segment}/ca/covina/,tier1-corridor-state
CA,California,city,Extended,Ceres,47963,37.59493,-120.95771,/{segment}/ca/ceres/,tier1-corridor-state
CA,California,city,Extended,Vermont Square,47555,34.00204,-118.29896,/{segment}/ca/vermont-square/,tier1-corridor-state
CA,California,city,Extended,Florin,47513,38.49602,-121.40884,/{segment}/ca/florin/,tier1-corridor-state
CA,California,city,Extended,Palm Springs,47371,33.8303,-116.54529,/{segment}/ca/palm-springs/,tier1-corridor-state
CA,California,city,Extended,San Luis Obispo,47339,35.28275,-120.65962,/{segment}/ca/san-luis-obispo/,tier1-corridor-state
CA,California,city,Extended,Mission District,47234,37.75993,-122.41914,/{segment}/ca/mission-district/,tier1-corridor-state
CA,California,city,Extended,Winnetka,47000,34.21334,-118.57203,/{segment}/ca/winnetka/,tier1-corridor-state
CA,California,city,Extended,San Jacinto,46951,33.78391,-116.95864,/{segment}/ca/san-jacinto/,tier1-corridor-state
CA,California,city,Extended,Laguna,46621,38.42102,-121.42384,/{segment}/ca/laguna/,tier1-corridor-state
CA,California,city,Extended,Antelope,45770,38.70824,-121.32995,/{segment}/ca/antelope/,tier1-corridor-state
CA,California,city,Extended,Newark,45336,37.52966,-122.04024,/{segment}/ca/newark/,tier1-corridor-state
CA,California,city,Extended,Coachella,44635,33.6803,-116.17389,/{segment}/ca/coachella/,tier1-corridor-state
CA,California,city,Extended,Encino,44581,34.15917,-118.50119,/{segment}/ca/encino/,tier1-corridor-state
CA,California,city,Extended,Danville,44400,37.82159,-121.99996,/{segment}/ca/danville/,tier1-corridor-state
CA,California,city,Extended,Lompoc,44164,34.63915,-120.45794,/{segment}/ca/lompoc/,tier1-corridor-state
CA,California,city,Extended,El Centro,43956,32.792,-115.56305,/{segment}/ca/el-centro/,tier1-corridor-state
CA,California,city,Extended,Echo Park,43832,34.07808,-118.26066,/{segment}/ca/echo-park/,tier1-corridor-state
CA,California,city,Extended,Beaumont,43811,33.92946,-116.97725,/{segment}/ca/beaumont/,tier1-corridor-state
CA,California,city,Extended,San Bruno,43185,37.63049,-122.41108,/{segment}/ca/san-bruno/,tier1-corridor-state
CA,California,city,Extended,Bell Gardens,43106,33.96529,-118.15146,/{segment}/ca/bell-gardens/,tier1-corridor-state
CA,California,city,Extended,Morgan Hill,42948,37.1305,-121.65439,/{segment}/ca/morgan-hill/,tier1-corridor-state
CA,California,city,Extended,La Jolla,42808,32.84727,-117.2742,/{segment}/ca/la-jolla/,tier1-corridor-state
CA,California,city,Extended,Altadena,42777,34.18973,-118.13118,/{segment}/ca/altadena/,tier1-corridor-state
CA,California,city,Extended,Rancho Palos Verdes,42732,33.74446,-118.38702,/{segment}/ca/rancho-palos-verdes/,tier1-corridor-state
CA,California,city,Extended,North Highlands,42694,38.68574,-121.37217,/{segment}/ca/north-highlands/,tier1-corridor-state
CA,California,city,Extended,Rohnert Park,42407,38.33964,-122.7011,/{segment}/ca/rohnert-park/,tier1-corridor-state
CA,California,city,Extended,El Dorado Hills,42108,38.68574,-121.08217,/{segment}/ca/el-dorado-hills/,tier1-corridor-state
CA,California,city,Extended,Brea,41944,33.91668,-117.90006,/{segment}/ca/brea/,tier1-corridor-state
CA,California,city,Extended,West Hills,41426,34.19731,-118.64398,/{segment}/ca/west-hills/,tier1-corridor-state
CA,California,city,Extended,Chatsworth,41255,34.25723,-118.6012,/{segment}/ca/chatsworth/,tier1-corridor-state
CA,California,city,Extended,Campbell,41117,37.28717,-121.94996,/{segment}/ca/campbell/,tier1-corridor-state
CA,California,city,Extended,Venice,40885,33.99084,-118.46008,/{segment}/ca/venice/,tier1-corridor-state
CA,California,city,Extended,La Puente,40745,34.02001,-117.94951,/{segment}/ca/la-puente/,tier1-corridor-state
CA,California,city,Extended,La Quinta,40476,33.66336,-116.31001,/{segment}/ca/la-quinta/,tier1-corridor-state
CA,California,city,Extended,San Gabriel,40424,34.09611,-118.10583,/{segment}/ca/san-gabriel/,tier1-corridor-state
CA,California,city,Extended,Calexico,40053,32.67895,-115.49888,/{segment}/ca/calexico/,tier1-corridor-state
CA,California,city,Extended,Oakley,39813,37.99742,-121.71245,/{segment}/ca/oakley/,tier1-corridor-state
CA,California,city,Extended,Sawtelle,39757,34.0363,-118.44949,/{segment}/ca/sawtelle/,tier1-corridor-state
CA,California,city,Extended,Culver City,39717,34.02112,-118.39647,/{segment}/ca/culver-city/,tier1-corridor-state
CA,California,city,Extended,Pacifica,39260,37.61383,-122.48692,/{segment}/ca/pacifica/,tier1-corridor-state
CA,California,city,Extended,Stanton,38872,33.80252,-117.99312,/{segment}/ca/stanton/,tier1-corridor-state
CA,California,city,Extended,Montclair,38690,34.07751,-117.68978,/{segment}/ca/montclair/,tier1-corridor-state
CA,California,city,Extended,Martinez,38137,38.01937,-122.13413,/{segment}/ca/martinez/,tier1-corridor-state
CA,California,city,Extended,Monrovia,37463,34.14806,-117.99895,/{segment}/ca/monrovia/,tier1-corridor-state
CA,California,city,Extended,Hollister,37462,36.85245,-121.4016,/{segment}/ca/hollister/,tier1-corridor-state
CA,California,city,Extended,Los Banos,37457,37.05828,-120.84992,/{segment}/ca/los-banos/,tier1-corridor-state
CA,California,city,Extended,San Juan Capistrano,36454,33.50169,-117.66255,/{segment}/ca/san-juan-capistrano/,tier1-corridor-state
CA,California,city,Extended,Temple City,36365,34.10723,-118.05785,/{segment}/ca/temple-city/,tier1-corridor-state
CA,California,city,Extended,Claremont,36283,34.09668,-117.71978,/{segment}/ca/claremont/,tier1-corridor-state
CA,California,city,Extended,West Hollywood,36222,34.09001,-118.36174,/{segment}/ca/west-hollywood/,tier1-corridor-state
CA,California,city,Extended,Bell,36205,33.97751,-118.18702,/{segment}/ca/bell/,tier1-corridor-state
CA,California,city,Extended,Moorpark,36104,34.28556,-118.88204,/{segment}/ca/moorpark/,tier1-corridor-state
CA,California,city,Extended,Willowbrook,35983,33.91696,-118.25507,/{segment}/ca/willowbrook/,tier1-corridor-state
CA,California,city,Extended,Manhattan Beach,35818,33.88474,-118.41091,/{segment}/ca/manhattan-beach/,tier1-corridor-state
CA,California,city,Extended,Wildomar,35632,33.59891,-117.28004,/{segment}/ca/wildomar/,tier1-corridor-state
CA,California,city,Extended,Beverly Hills,34869,34.07362,-118.40036,/{segment}/ca/beverly-hills/,tier1-corridor-state
CA,California,city,Extended,Pleasant Hill,34810,37.94798,-122.0608,/{segment}/ca/pleasant-hill/,tier1-corridor-state
CA,California,city,Extended,San Dimas,34630,34.10668,-117.80673,/{segment}/ca/san-dimas/,tier1-corridor-state
CA,California,city,Extended,Rubidoux,34280,33.99613,-117.4056,/{segment}/ca/rubidoux/,tier1-corridor-state
CA,California,city,Extended,Dana Point,34181,33.46697,-117.69811,/{segment}/ca/dana-point/,tier1-corridor-state
CA,California,city,Extended,La Presa,34169,32.70811,-116.99725,/{segment}/ca/la-presa/,tier1-corridor-state
CA,California,city,Extended,Studio City,34034,34.14862,-118.39647,/{segment}/ca/studio-city/,tier1-corridor-state
CA,California,city,Extended,Orangevale,33960,38.67851,-121.22578,/{segment}/ca/orangevale/,tier1-corridor-state
CA,California,city,Extended,Foster City,33477,37.55855,-122.27108,/{segment}/ca/foster-city/,tier1-corridor-state
CA,California,city,Extended,Menlo Park,33449,37.45383,-122.18219,/{segment}/ca/menlo-park/,tier1-corridor-state
CA,California,city,Extended,Lawndale,33430,33.88724,-118.35257,/{segment}/ca/lawndale/,tier1-corridor-state
CA,California,city,Extended,Brentwood,33312,34.05195,-118.47397,/{segment}/ca/brentwood/,tier1-corridor-state
CA,California,city,Extended,Adelanto,33166,34.58277,-117.40922,/{segment}/ca/adelanto/,tier1-corridor-state
CA,California,city,Extended,Foothill Farms,33121,38.67877,-121.35114,/{segment}/ca/foothill-farms/,tier1-corridor-state
CA,California,city,Extended,Seaside,33025,36.61107,-121.85162,/{segment}/ca/seaside/,tier1-corridor-state
CA,California,city,Extended,Silver Lake,32890,34.08668,-118.27023,/{segment}/ca/silver-lake/,tier1-corridor-state
CA,California,city,Extended,Oildale,32684,35.41968,-119.01955,/{segment}/ca/oildale/,tier1-corridor-state
CA,California,city,Extended,La Verne,32681,34.10084,-117.76784,/{segment}/ca/la-verne/,tier1-corridor-state
CA,California,city,Extended,Westmont,31853,33.9414,-118.3023,/{segment}/ca/westmont/,tier1-corridor-state
CA,California,city,Extended,Laguna Hills,31748,33.61252,-117.71283,/{segment}/ca/laguna-hills/,tier1-corridor-state
CA,California,city,Extended,Saratoga,30968,37.26383,-122.02301,/{segment}/ca/saratoga/,tier1-corridor-state
CA,California,city,Extended,Banning,30945,33.92557,-116.87641,/{segment}/ca/banning/,tier1-corridor-state
CA,California,city,Extended,Goleta,30944,34.43583,-119.82764,/{segment}/ca/goleta/,tier1-corridor-state
CA,California,city,Extended,Fair Oaks,30912,38.64463,-121.27217,/{segment}/ca/fair-oaks/,tier1-corridor-state
CA,California,city,Extended,Los Gatos,30705,37.22661,-121.97468,/{segment}/ca/los-gatos/,tier1-corridor-state
CA,California,city,Extended,Los Altos,30671,37.38522,-122.11413,/{segment}/ca/los-altos/,tier1-corridor-state
CA,California,city,Extended,Santa Paula,30546,34.35417,-119.05927,/{segment}/ca/santa-paula/,tier1-corridor-state
CA,California,city,Extended,Fallbrook,30534,33.37642,-117.25115,/{segment}/ca/fallbrook/,tier1-corridor-state
CA,California,city,Extended,Burlingame,30459,37.5841,-122.36608,/{segment}/ca/burlingame/,tier1-corridor-state
CA,California,city,Extended,San Pablo,30407,37.96215,-122.34553,/{segment}/ca/san-pablo/,tier1-corridor-state
CA,California,city,Extended,Walnut,30237,34.02029,-117.86534,/{segment}/ca/walnut/,tier1-corridor-state
CA,California,city,Extended,San Carlos,29931,37.50716,-122.26052,/{segment}/ca/san-carlos/,tier1-corridor-state
CA,California,city,Extended,Atascadero,29819,35.48942,-120.67073,/{segment}/ca/atascadero/,tier1-corridor-state
CA,California,city,Extended,East Palo Alto,29662,37.46883,-122.14108,/{segment}/ca/east-palo-alto/,tier1-corridor-state
CA,California,city,Extended,Atwater,29237,37.34772,-120.60908,/{segment}/ca/atwater/,tier1-corridor-state
CA,California,city,Extended,Orcutt,28905,34.86526,-120.436,/{segment}/ca/orcutt/,tier1-corridor-state
CA,California,city,Extended,Ridgecrest,28780,35.62246,-117.6709,/{segment}/ca/ridgecrest/,tier1-corridor-state
CA,California,city,Extended,Monterey,28338,36.60024,-121.89468,/{segment}/ca/monterey/,tier1-corridor-state
CA,California,city,Extended,Desert Hot Springs,28335,33.96173,-116.50353,/{segment}/ca/desert-hot-springs/,tier1-corridor-state
CA,California,city,Extended,Spring Valley,28205,32.74477,-116.99892,/{segment}/ca/spring-valley/,tier1-corridor-state
CA,California,city,Extended,Benicia,28167,38.04937,-122.15858,/{segment}/ca/benicia/,tier1-corridor-state
CA,California,city,Extended,Suisun,28111,38.23825,-122.04024,/{segment}/ca/suisun/,tier1-corridor-state
CA,California,city,Extended,Maywood,27888,33.98668,-118.18535,/{segment}/ca/maywood/,tier1-corridor-state
CA,California,city,Extended,Windsor,27464,38.54713,-122.81638,/{segment}/ca/windsor/,tier1-corridor-state
CA,California,city,Extended,Imperial Beach,27408,32.58394,-117.11308,/{segment}/ca/imperial-beach/,tier1-corridor-state
CA,California,city,Extended,Belmont,27218,37.52021,-122.2758,/{segment}/ca/belmont/,tier1-corridor-state
CA,California,city,Extended,Paso Robles,27157,35.62664,-120.691,/{segment}/ca/paso-robles/,tier1-corridor-state
CA,California,city,Extended,Agua Caliente,27090,38.32408,-122.48804,/{segment}/ca/agua-caliente/,tier1-corridor-state
CA,California,city,Extended,Eureka,27017,40.80207,-124.16367,/{segment}/ca/eureka/,tier1-corridor-state
CA,California,city,Extended,Lemon Grove,26709,32.74255,-117.03142,/{segment}/ca/lemon-grove/,tier1-corridor-state
CA,California,city,Extended,Tujunga,26527,34.25223,-118.28841,/{segment}/ca/tujunga/,tier1-corridor-state
CA,California,city,Extended,Paradise,26476,39.75961,-121.62192,/{segment}/ca/paradise/,tier1-corridor-state
CA,California,city,Extended,Norco,26289,33.93113,-117.54866,/{segment}/ca/norco/,tier1-corridor-state
CA,California,city,Extended,Wasco,26279,35.59412,-119.34095,/{segment}/ca/wasco/,tier1-corridor-state
CA,California,city,Extended,South Pasadena,26151,34.11612,-118.15035,/{segment}/ca/south-pasadena/,tier1-corridor-state
CA,California,city,Extended,Twentynine Palms,26025,34.13556,-116.05417,/{segment}/ca/twentynine-palms/,tier1-corridor-state
CA,California,city,Extended,Brawley,25897,32.97866,-115.53027,/{segment}/ca/brawley/,tier1-corridor-state
CA,California,city,Extended,Lafayette,25843,37.88576,-122.11802,/{segment}/ca/lafayette/,tier1-corridor-state
CA,California,city,Extended,Lemoore,25647,36.30078,-119.78291,/{segment}/ca/lemoore/,tier1-corridor-state
CA,California,city,Extended,Reedley,25569,36.59634,-119.4504,/{segment}/ca/reedley/,tier1-corridor-state
CA,California,city,Extended,West Whittier-Los Nietos,25540,33.976,-118.06909,/{segment}/ca/west-whittier-los-nietos/,tier1-corridor-state
CA,California,city,Extended,Hercules,25314,38.01714,-122.28858,/{segment}/ca/hercules/,tier1-corridor-state
CA,California,city,Extended,Galt,25303,38.25464,-121.29995,/{segment}/ca/galt/,tier1-corridor-state
CA,California,city,Extended,Soledad,25003,36.42469,-121.32632,/{segment}/ca/soledad/,tier1-corridor-state
CA,California,city,Extended,Woodbridge,24966,33.67724,-117.79442,/{segment}/ca/woodbridge/,tier1-corridor-state
CA,California,city,Extended,Sanger,24950,36.70801,-119.55597,/{segment}/ca/sanger/,tier1-corridor-state
CA,California,city,Extended,San Fernando,24931,34.28195,-118.43897,/{segment}/ca/san-fernando/,tier1-corridor-state
CA,California,city,Extended,North Tustin,24917,33.76446,-117.79394,/{segment}/ca/north-tustin/,tier1-corridor-state
CA,California,city,Extended,Vineyard,24836,38.46449,-121.34692,/{segment}/ca/vineyard/,tier1-corridor-state
CA,California,city,Extended,Coronado,24812,32.68589,-117.18309,/{segment}/ca/coronado/,tier1-corridor-state
CA,California,corridor,Core,I-10 (California),,,,/{segment}/corridors/i-10/ca/,tier1-freight-corridor; full-exit-coverage
CA,California,corridor,Core,I-15 (California),,,,/{segment}/corridors/i-15/ca/,tier1-freight-corridor; full-exit-coverage
CA,California,corridor,Core,I-40 (California),,,,/{segment}/corridors/i-40/ca/,tier1-freight-corridor; full-exit-coverage
CA,California,corridor,Core,I-5 (California),,,,/{segment}/corridors/i-5/ca/,tier1-freight-corridor; full-exit-coverage
CA,California,corridor,Extended,I-8 (California),,,,/{segment}/corridors/i-8/ca/,tier2-freight-corridor; route-page-only
CA,California,corridor,Core,I-80 (California),,,,/{segment}/corridors/i-80/ca/,tier1-freight-corridor; full-exit-coverage
CO,Colorado,city,Core,Denver,729019,39.73915,-104.9847,/{segment}/co/denver/,pop>=50k;top10-in-state
CO,Colorado,city,Core,Colorado Springs,456568,38.83388,-104.82136,/{segment}/co/colorado-springs/,pop>=50k;top10-in-state
CO,Colorado,city,Core,Aurora,359407,39.72943,-104.83192,/{segment}/co/aurora/,pop>=50k;top10-in-state
CO,Colorado,city,Core,Fort Collins,170924,40.58526,-105.08442,/{segment}/co/fort-collins/,pop>=50k;top10-in-state
CO,Colorado,city,Core,Lakewood,152597,39.70471,-105.08137,/{segment}/co/lakewood/,pop>=50k;top10-in-state
CO,Colorado,city,Core,Thornton,133451,39.86804,-104.97192,/{segment}/co/thornton/,pop>=50k;top10-in-state
CO,Colorado,city,Core,Westminster,116317,39.83665,-105.0372,/{segment}/co/westminster/,pop>=50k;top10-in-state
CO,Colorado,city,Core,Arvada,115368,39.80276,-105.08748,/{segment}/co/arvada/,pop>=50k;top10-in-state
CO,Colorado,city,Core,Centennial,109741,39.57916,-104.87692,/{segment}/co/centennial/,pop>=50k;top10-in-state
CO,Colorado,city,Core,Pueblo,109412,38.25445,-104.60914,/{segment}/co/pueblo/,pop>=50k;top10-in-state
CO,Colorado,city,Core,Greeley,108795,40.42331,-104.70913,/{segment}/co/greeley/,pop>=50k
CO,Colorado,city,Core,Boulder,106803,40.01499,-105.27055,/{segment}/co/boulder/,pop>=50k
CO,Colorado,city,Core,Highlands Ranch,96713,39.55388,-104.96943,/{segment}/co/highlands-ranch/,pop>=50k
CO,Colorado,city,Core,Longmont,92088,40.16721,-105.10193,/{segment}/co/longmont/,pop>=50k
CO,Colorado,city,Core,Loveland,75182,40.39776,-105.07498,/{segment}/co/loveland/,pop>=50k
CO,Colorado,city,Core,Broomfield,65065,39.92054,-105.08665,/{segment}/co/broomfield/,pop>=50k
CO,Colorado,city,Core,Grand Junction,60358,39.06387,-108.55065,/{segment}/co/grand-junction/,pop>=50k
CO,Colorado,city,Core,Castle Rock,55591,39.37221,-104.85609,/{segment}/co/castle-rock/,pop>=50k
CO,Colorado,city,Core,Commerce City,53696,39.80832,-104.93387,/{segment}/co/commerce-city/,pop>=50k
CO,Colorado,city,Extended,Parker,49550,39.5186,-104.76136,/{segment}/co/parker/,tier1-corridor-state
CO,Colorado,city,Extended,Littleton,46368,39.61332,-105.01665,/{segment}/co/littleton/,tier1-corridor-state
CO,Colorado,city,Extended,Southglenn,42268,39.58721,-104.95276,/{segment}/co/southglenn/,tier1-corridor-state
CO,Colorado,city,Extended,Northglenn,39197,39.88554,-104.9872,/{segment}/co/northglenn/,tier1-corridor-state
CO,Colorado,city,Extended,Brighton,37585,39.98526,-104.82053,/{segment}/co/brighton/,tier1-corridor-state
CO,Colorado,city,Extended,Englewood,33082,39.64777,-104.98776,/{segment}/co/englewood/,tier1-corridor-state
CO,Colorado,city,Extended,Security-Widefield,32882,38.74728,-104.71439,/{segment}/co/security-widefield/,tier1-corridor-state
CO,Colorado,city,Extended,Ken Caryl,32438,39.57582,-105.11221,/{segment}/co/ken-caryl/,tier1-corridor-state
CO,Colorado,city,Extended,Wheat Ridge,31192,39.7661,-105.07721,/{segment}/co/wheat-ridge/,tier1-corridor-state
CO,Colorado,city,Extended,Pueblo West,29637,38.35,-104.72275,/{segment}/co/pueblo-west/,tier1-corridor-state
CO,Colorado,city,Extended,Fountain,27767,38.68222,-104.70081,/{segment}/co/fountain/,tier1-corridor-state
CO,Colorado,city,Extended,Lafayette,27729,39.9936,-105.08971,/{segment}/co/lafayette/,tier1-corridor-state
CO,Colorado,city,Extended,Castlewood,25271,39.58471,-104.90109,/{segment}/co/castlewood/,tier1-corridor-state
CO,Colorado,corridor,Core,I-25 (Colorado),,,,/{segment}/corridors/i-25/co/,tier1-freight-corridor; full-exit-coverage
CO,Colorado,corridor,Core,I-70 (Colorado),,,,/{segment}/corridors/i-70/co/,tier1-freight-corridor; full-exit-coverage
CO,Colorado,corridor,Extended,I-76 (Colorado),,,,/{segment}/corridors/i-76/co/,tier2-freight-corridor; route-page-only
CT,Connecticut,city,Core,Bridgeport,147629,41.17923,-73.18945,/{segment}/ct/bridgeport/,pop>=50k;top10-in-state
CT,Connecticut,city,Core,New Haven,130322,41.30815,-72.92816,/{segment}/ct/new-haven/,pop>=50k;top10-in-state
CT,Connecticut,city,Core,Stamford,128874,41.05343,-73.53873,/{segment}/ct/stamford/,pop>=50k;top10-in-state
CT,Connecticut,city,Core,North Stamford,121230,41.13815,-73.54346,/{segment}/ct/north-stamford/,pop>=50k;top10-in-state
CT,Connecticut,city,Core,Hartford,121054,41.76371,-72.68509,/{segment}/ct/hartford/,pop>=50k;top10-in-state
CT,Connecticut,city,Core,Waterbury,108802,41.55815,-73.0515,/{segment}/ct/waterbury/,pop>=50k;top10-in-state
CT,Connecticut,city,Core,Norwalk,88485,41.1176,-73.4079,/{segment}/ct/norwalk/,pop>=50k;top10-in-state
CT,Connecticut,city,Core,Danbury,84657,41.39482,-73.45401,/{segment}/ct/danbury/,pop>=50k;top10-in-state
CT,Connecticut,city,Core,East Norwalk,84530,41.10565,-73.39845,/{segment}/ct/east-norwalk/,pop>=50k;top10-in-state
CT,Connecticut,city,Core,New Britain,72808,41.66121,-72.77954,/{segment}/ct/new-britain/,pop>=50k;top10-in-state
CT,Connecticut,city,Core,West Hartford,63268,41.76204,-72.74204,/{segment}/ct/west-hartford/,pop>=50k
CT,Connecticut,city,Core,Bristol,60452,41.67176,-72.94927,/{segment}/ct/bristol/,pop>=50k
CT,Connecticut,city,Core,Meriden,59988,41.53815,-72.80704,/{segment}/ct/meriden/,pop>=50k
CT,Connecticut,city,Core,Hamden,59847,41.39593,-72.89677,/{segment}/ct/hamden/,pop>=50k
CT,Connecticut,city,Core,Fairfield,59052,41.14121,-73.26373,/{segment}/ct/fairfield/,pop>=50k
CT,Connecticut,city,Core,West Haven,54927,41.27065,-72.94705,/{segment}/ct/west-haven/,pop>=50k
CT,Connecticut,city,Core,Milford,52759,41.22232,-73.0565,/{segment}/ct/milford/,pop>=50k
CT,Connecticut,city,Core,Stratford,51384,41.18454,-73.13317,/{segment}/ct/stratford/,pop>=50k
CT,Connecticut,city,Core,City of Milford (balance),51271,41.22374,-73.06164,/{segment}/ct/city-of-milford-(balance)/,pop>=50k
CT,Connecticut,city,Core,East Hartford,51252,41.78232,-72.61203,/{segment}/ct/east-hartford/,pop>=50k
CT,Connecticut,city,Extended,Middletown,46756,41.56232,-72.65065,/{segment}/ct/middletown/,tier1-corridor-state
CT,Connecticut,city,Extended,Enfield,45212,41.97621,-72.59176,/{segment}/ct/enfield/,tier1-corridor-state
CT,Connecticut,city,Extended,Shelton,41296,41.31649,-73.09316,/{segment}/ct/shelton/,tier1-corridor-state
CT,Connecticut,city,Extended,Norwich,39899,41.52426,-72.07591,/{segment}/ct/norwich/,tier1-corridor-state
CT,Connecticut,city,Extended,Trumbull,36018,41.24287,-73.20067,/{segment}/ct/trumbull/,tier1-corridor-state
CT,Connecticut,city,Extended,West Torrington,36000,41.81843,-73.14372,/{segment}/ct/west-torrington/,tier1-corridor-state
CT,Connecticut,city,Extended,Torrington,34906,41.80065,-73.12122,/{segment}/ct/torrington/,tier1-corridor-state
CT,Connecticut,city,Extended,Glastonbury,31876,41.71232,-72.60815,/{segment}/ct/glastonbury/,tier1-corridor-state
CT,Connecticut,city,Extended,Naugatuck,31538,41.48593,-73.05066,/{segment}/ct/naugatuck/,tier1-corridor-state
CT,Connecticut,city,Extended,Manchester,30577,41.77593,-72.52148,/{segment}/ct/manchester/,tier1-corridor-state
CT,Connecticut,city,Extended,Newington,30562,41.69788,-72.72371,/{segment}/ct/newington/,tier1-corridor-state
CT,Connecticut,city,Extended,Cheshire,29443,41.49899,-72.90066,/{segment}/ct/cheshire/,tier1-corridor-state
CT,Connecticut,city,Extended,Branford,29438,41.27954,-72.8151,/{segment}/ct/branford/,tier1-corridor-state
CT,Connecticut,city,Extended,East Haven,29257,41.27621,-72.86843,/{segment}/ct/east-haven/,tier1-corridor-state
CT,Connecticut,city,Extended,Windsor,28778,41.8526,-72.6437,/{segment}/ct/windsor/,tier1-corridor-state
CT,Connecticut,city,Extended,New London,27179,41.35565,-72.09952,/{segment}/ct/new-london/,tier1-corridor-state
CT,Connecticut,city,Extended,Wethersfield,26668,41.71427,-72.65259,/{segment}/ct/wethersfield/,tier1-corridor-state
CT,Connecticut,city,Extended,Mansfield City,26439,41.76593,-72.23369,/{segment}/ct/mansfield-city/,tier1-corridor-state
CT,Connecticut,city,Extended,Westport,26391,41.14149,-73.3579,/{segment}/ct/westport/,tier1-corridor-state
CT,Connecticut,city,Extended,Farmington,25000,41.71982,-72.83204,/{segment}/ct/farmington/,tier1-corridor-state
CT,Connecticut,corridor,Extended,I-84 (Connecticut),,,,/{segment}/corridors/i-84/ct/,tier2-freight-corridor; route-page-only
CT,Connecticut,corridor,Extended,I-91 (Connecticut),,,,/{segment}/corridors/i-91/ct/,tier2-freight-corridor; route-page-only
CT,Connecticut,corridor,Core,I-95 (Connecticut),,,,/{segment}/corridors/i-95/ct/,tier1-freight-corridor; full-exit-coverage
DC,District of Columbia,city,Core,Washington,689545,38.89511,-77.03637,/{segment}/dc/washington/,pop>=50k;top10-in-state
DC,District of Columbia,city,Extended,Shaw,17639,38.91206,-77.02137,/{segment}/dc/shaw/,top10-in-state
DC,District of Columbia,city,Extended,Adams Morgan,15830,38.9215,-77.0422,/{segment}/dc/adams-morgan/,top10-in-state
DC,District of Columbia,corridor,Core,I-95 (District of Columbia),,,,/{segment}/corridors/i-95/dc/,tier1-freight-corridor; full-exit-coverage
DE,Delaware,city,Core,Wilmington,70898,39.74595,-75.54659,/{segment}/de/wilmington/,pop>=50k;top10-in-state
DE,Delaware,city,Extended,Dover,39403,39.15817,-75.52437,/{segment}/de/dover/,top10-in-state
DE,Delaware,city,Extended,Newark,33817,39.68372,-75.74966,/{segment}/de/newark/,top10-in-state
DE,Delaware,city,Extended,Middletown,20372,39.44956,-75.71632,/{segment}/de/middletown/,top10-in-state
DE,Delaware,city,Extended,Bear,19371,39.62928,-75.65826,/{segment}/de/bear/,top10-in-state
DE,Delaware,corridor,Core,I-95 (Delaware),,,,/{segment}/corridors/i-95/de/,tier1-freight-corridor; full-exit-coverage
FL,Florida,city,Core,Jacksonville,1009833,30.33218,-81.65565,/{segment}/fl/jacksonville/,pop>=50k;top10-in-state
FL,Florida,city,Core,Miami,487014,25.77427,-80.19366,/{segment}/fl/miami/,pop>=50k;top10-in-state
FL,Florida,city,Core,Tampa,414547,27.94752,-82.45843,/{segment}/fl/tampa/,pop>=50k;top10-in-state
FL,Florida,city,Core,Orlando,334854,28.53834,-81.37924,/{segment}/fl/orlando/,pop>=50k;top10-in-state
FL,Florida,city,Core,St. Petersburg,257083,27.77086,-82.67927,/{segment}/fl/st-petersburg/,pop>=50k;top10-in-state
FL,Florida,city,Core,Hialeah,237069,25.8576,-80.27811,/{segment}/fl/hialeah/,pop>=50k;top10-in-state
FL,Florida,city,Core,Tallahassee,201731,30.43826,-84.28073,/{segment}/fl/tallahassee/,pop>=50k;top10-in-state
FL,Florida,city,Core,Fort Lauderdale,183146,26.12231,-80.14338,/{segment}/fl/fort-lauderdale/,pop>=50k;top10-in-state
FL,Florida,city,Core,Cape Coral,175229,26.56285,-81.94953,/{segment}/fl/cape-coral/,pop>=50k;top10-in-state
FL,Florida,city,Core,Pembroke Pines,166611,26.00315,-80.22394,/{segment}/fl/pembroke-pines/,pop>=50k;top10-in-state
FL,Florida,city,Core,Port Saint Lucie,164603,27.29393,-80.35033,/{segment}/fl/port-saint-lucie/,pop>=50k
FL,Florida,city,Core,Hollywood,149728,26.0112,-80.14949,/{segment}/fl/hollywood/,pop>=50k
FL,Florida,city,Core,Gainesville,145214,29.65163,-82.32483,/{segment}/fl/gainesville/,pop>=50k
FL,Florida,city,Core,Miramar,137132,25.98731,-80.23227,/{segment}/fl/miramar/,pop>=50k
FL,Florida,city,Core,Coral Springs,129485,26.27119,-80.2706,/{segment}/fl/coral-springs/,pop>=50k
FL,Florida,city,Core,West Palm Beach,120932,26.71534,-80.05337,/{segment}/fl/west-palm-beach/,pop>=50k
FL,Florida,city,Core,Palm Bay,119760,28.03446,-80.58866,/{segment}/fl/palm-bay/,pop>=50k
FL,Florida,city,Core,Clearwater,117292,27.96585,-82.8001,/{segment}/fl/clearwater/,pop>=50k
FL,Florida,city,Core,Miami Gardens,113187,25.94204,-80.2456,/{segment}/fl/miami-gardens/,pop>=50k
FL,Florida,city,Core,Pompano Beach,107762,26.23786,-80.12477,/{segment}/fl/pompano-beach/,pop>=50k
FL,Florida,city,Core,Lakeland,104401,28.03947,-81.9498,/{segment}/fl/lakeland/,pop>=50k
FL,Florida,city,Core,Brandon,103483,27.9378,-82.28592,/{segment}/fl/brandon/,pop>=50k
FL,Florida,city,Core,Davie,100882,26.06287,-80.2331,/{segment}/fl/davie/,pop>=50k
FL,Florida,city,Core,Spring Hill,98621,28.47688,-82.52546,/{segment}/fl/spring-hill/,pop>=50k
FL,Florida,city,Core,Boca Raton,93235,26.35869,-80.0831,/{segment}/fl/boca-raton/,pop>=50k
FL,Florida,city,Core,Plantation,92560,26.13421,-80.23184,/{segment}/fl/plantation/,pop>=50k
FL,Florida,city,Core,Miami Beach,92312,25.79065,-80.13005,/{segment}/fl/miami-beach/,pop>=50k
FL,Florida,city,Core,Deltona,88474,28.90054,-81.26367,/{segment}/fl/deltona/,pop>=50k
FL,Florida,city,Core,Lehigh Acres,86784,26.62535,-81.6248,/{segment}/fl/lehigh-acres/,pop>=50k
FL,Florida,city,Core,Melbourne,84678,28.08363,-80.60811,/{segment}/fl/melbourne/,pop>=50k
FL,Florida,city,Core,Sunrise,84439,26.13397,-80.1131,/{segment}/fl/sunrise/,pop>=50k
FL,Florida,city,Core,Palm Coast,82893,29.58497,-81.20784,/{segment}/fl/palm-coast/,pop>=50k
FL,Florida,city,Core,Largo,81000,27.90979,-82.78842,/{segment}/fl/largo/,pop>=50k
FL,Florida,city,Core,Homestead,80737,25.46872,-80.47756,/{segment}/fl/homestead/,pop>=50k
FL,Florida,city,Core,Kendall,80241,25.67927,-80.31727,/{segment}/fl/kendall/,pop>=50k
FL,Florida,city,Core,Deerfield Beach,79768,26.31841,-80.09977,/{segment}/fl/deerfield-beach/,pop>=50k
FL,Florida,city,Core,Town 'n' Country,78442,28.01057,-82.57732,/{segment}/fl/town-n-country/,pop>=50k
FL,Florida,city,Core,Alafaya,78113,28.5641,-81.2114,/{segment}/fl/alafaya/,pop>=50k
FL,Florida,city,Core,Doral,75874,25.81954,-80.35533,/{segment}/fl/doral/,pop>=50k
FL,Florida,city,Core,Fort Myers,74013,26.62168,-81.84059,/{segment}/fl/fort-myers/,pop>=50k
FL,Florida,city,Core,Boynton Beach,73966,26.52535,-80.06643,/{segment}/fl/boynton-beach/,pop>=50k
FL,Florida,city,Core,Daytona Beach,72647,29.21081,-81.02283,/{segment}/fl/daytona-beach/,pop>=50k
FL,Florida,city,Core,Lauderhill,71579,26.14036,-80.21338,/{segment}/fl/lauderhill/,pop>=50k
FL,Florida,city,Core,Riverview,71050,27.86614,-82.32648,/{segment}/fl/riverview/,pop>=50k
FL,Florida,city,Core,Weston,69959,26.10037,-80.39977,/{segment}/fl/weston/,pop>=50k
FL,Florida,city,Core,Kissimmee,69152,28.30468,-81.41667,/{segment}/fl/kissimmee/,pop>=50k
FL,Florida,city,Core,Delray Beach,66255,26.46146,-80.07282,/{segment}/fl/delray-beach/,pop>=50k
FL,Florida,city,Core,Tamarac,64681,26.21286,-80.24977,/{segment}/fl/tamarac/,pop>=50k
FL,Florida,city,Core,Carol City,63031,25.94065,-80.2456,/{segment}/fl/carol-city/,pop>=50k
FL,Florida,city,Core,Jupiter,62707,26.93422,-80.09421,/{segment}/fl/jupiter/,pop>=50k
FL,Florida,city,Core,Wellington,62560,26.65868,-80.24144,/{segment}/fl/wellington/,pop>=50k
FL,Florida,city,Core,North Miami,62435,25.89009,-80.18671,/{segment}/fl/north-miami/,pop>=50k
FL,Florida,city,Core,North Port,62345,27.04422,-82.23593,/{segment}/fl/north-port/,pop>=50k
FL,Florida,city,Core,West Hollywood,60806,26.02065,-80.18394,/{segment}/fl/west-hollywood/,pop>=50k
FL,Florida,city,Core,Pine Hills,60076,28.55778,-81.4534,/{segment}/fl/pine-hills/,pop>=50k
FL,Florida,city,Core,Port Orange,59866,29.13832,-80.99561,/{segment}/fl/port-orange/,pop>=50k
FL,Florida,city,Core,Fountainebleau,59764,25.77288,-80.34783,/{segment}/fl/fountainebleau/,pop>=50k
FL,Florida,city,Core,Coconut Creek,59302,26.25175,-80.17894,/{segment}/fl/coconut-creek/,pop>=50k
FL,Florida,city,Core,Ocala,58218,29.1872,-82.14009,/{segment}/fl/ocala/,pop>=50k
FL,Florida,city,Core,Sanford,58111,28.80055,-81.27312,/{segment}/fl/sanford/,pop>=50k
FL,Florida,city,Core,Palm Harbor,57439,28.07807,-82.76371,/{segment}/fl/palm-harbor/,pop>=50k
FL,Florida,city,Core,Margate,57234,26.24453,-80.20644,/{segment}/fl/margate/,pop>=50k
FL,Florida,city,Core,Kendale Lakes,56148,25.70816,-80.407,/{segment}/fl/kendale-lakes/,pop>=50k
FL,Florida,city,Core,Tamiami,55271,25.75871,-80.39839,/{segment}/fl/tamiami/,pop>=50k
FL,Florida,city,Core,Sarasota,55118,27.33643,-82.53065,/{segment}/fl/sarasota/,pop>=50k
FL,Florida,city,Core,Bradenton,54437,27.49893,-82.57482,/{segment}/fl/bradenton/,pop>=50k
FL,Florida,city,Core,Port Charlotte,54392,26.97617,-82.09064,/{segment}/fl/port-charlotte/,pop>=50k
FL,Florida,city,Core,Allapattah,54289,25.81454,-80.22394,/{segment}/fl/allapattah/,pop>=50k
FL,Florida,city,Core,East Pensacola Heights,54104,30.42881,-87.17997,/{segment}/fl/east-pensacola-heights/,pop>=50k
FL,Florida,city,Core,Pensacola,53724,30.42131,-87.21691,/{segment}/fl/pensacola/,pop>=50k
FL,Florida,city,Core,Little Havana,53430,25.76806,-80.23306,/{segment}/fl/little-havana/,pop>=50k
FL,Florida,city,Core,Poinciana,53193,28.14029,-81.45841,/{segment}/fl/poinciana/,pop>=50k
FL,Florida,city,Core,Palm Beach Gardens,52923,26.82339,-80.13865,/{segment}/fl/palm-beach-gardens/,pop>=50k
FL,Florida,city,Core,Bonita Springs,51704,26.33981,-81.7787,/{segment}/fl/bonita-springs/,pop>=50k
FL,Florida,city,Core,Pinellas Park,51617,27.8428,-82.69954,/{segment}/fl/pinellas-park/,pop>=50k
FL,Florida,city,Core,The Villages,51442,28.93408,-81.95994,/{segment}/fl/the-villages/,pop>=50k
FL,Florida,city,Core,Coral Gables,51117,25.72149,-80.26838,/{segment}/fl/coral-gables/,pop>=50k
FL,Florida,city,Core,The Hammocks,51003,25.67149,-80.4445,/{segment}/fl/the-hammocks/,pop>=50k
FL,Florida,city,Core,Flagami,50834,25.76232,-80.31616,/{segment}/fl/flagami/,pop>=50k
FL,Florida,city,Extended,Apopka,48382,28.67617,-81.51186,/{segment}/fl/apopka/,tier1-corridor-state
FL,Florida,city,Extended,Country Club,47105,25.94815,-80.317,/{segment}/fl/country-club/,tier1-corridor-state
FL,Florida,city,Extended,Cutler Bay,45425,25.5783,-80.3377,/{segment}/fl/cutler-bay/,tier1-corridor-state
FL,Florida,city,Extended,Titusville,45393,28.61222,-80.80755,/{segment}/fl/titusville/,tier1-corridor-state
FL,Florida,city,Extended,Fort Pierce,44484,27.44671,-80.32561,/{segment}/fl/fort-pierce/,tier1-corridor-state
FL,Florida,city,Extended,Oakland Park,44319,26.17231,-80.13199,/{segment}/fl/oakland-park/,tier1-corridor-state
FL,Florida,city,Extended,Wesley Chapel,44092,28.23973,-82.32787,/{segment}/fl/wesley-chapel/,tier1-corridor-state
FL,Florida,city,Extended,North Miami Beach,43971,25.93315,-80.16255,/{segment}/fl/north-miami-beach/,tier1-corridor-state
FL,Florida,city,Extended,North Lauderdale,43703,26.2173,-80.22588,/{segment}/fl/north-lauderdale/,tier1-corridor-state
FL,Florida,city,Extended,Ocoee,43608,28.56917,-81.54396,/{segment}/fl/ocoee/,tier1-corridor-state
FL,Florida,city,Extended,Altamonte Springs,43159,28.66111,-81.36562,/{segment}/fl/altamonte-springs/,tier1-corridor-state
FL,Florida,city,Extended,University,41163,28.07389,-82.43902,/{segment}/fl/university/,tier1-corridor-state
FL,Florida,city,Extended,Ormond Beach,40970,29.28581,-81.05589,/{segment}/fl/ormond-beach/,tier1-corridor-state
FL,Florida,city,Extended,Carrollwood Village,40949,28.06752,-82.52093,/{segment}/fl/carrollwood-village/,tier1-corridor-state
FL,Florida,city,Extended,Winter Garden,40356,28.56528,-81.58618,/{segment}/fl/winter-garden/,tier1-corridor-state
FL,Florida,city,Extended,St. Johns,40000,30.0815,-81.54774,/{segment}/fl/st-johns/,tier1-corridor-state
FL,Florida,city,Extended,Hallandale Beach,39488,25.9812,-80.14838,/{segment}/fl/hallandale-beach/,tier1-corridor-state
FL,Florida,city,Extended,North Fort Myers,39407,26.66729,-81.88009,/{segment}/fl/north-fort-myers/,tier1-corridor-state
FL,Florida,city,Extended,Princeton,39308,25.53844,-80.40894,/{segment}/fl/princeton/,tier1-corridor-state
FL,Florida,city,Extended,The Acreage,38704,26.79404,-80.26749,/{segment}/fl/the-acreage/,tier1-corridor-state
FL,Florida,city,Extended,Oviedo,38551,28.67,-81.20812,/{segment}/fl/oviedo/,tier1-corridor-state
FL,Florida,city,Extended,Panama City,38286,30.15946,-85.65983,/{segment}/fl/panama-city/,tier1-corridor-state
FL,Florida,city,Extended,Winter Haven,37689,28.02224,-81.73286,/{segment}/fl/winter-haven/,tier1-corridor-state
FL,Florida,city,Extended,Aventura,37649,25.95648,-80.13921,/{segment}/fl/aventura/,tier1-corridor-state
FL,Florida,city,Extended,Royal Palm Beach,37633,26.7084,-80.2306,/{segment}/fl/royal-palm-beach/,tier1-corridor-state
FL,Florida,city,Extended,Lake Worth Beach,37498,26.61708,-80.07231,/{segment}/fl/lake-worth-beach/,tier1-corridor-state
FL,Florida,city,Extended,Plant City,37406,28.01888,-82.11469,/{segment}/fl/plant-city/,tier1-corridor-state
FL,Florida,city,Extended,South Miami Heights,36770,25.59761,-80.38061,/{segment}/fl/south-miami-heights/,tier1-corridor-state
FL,Florida,city,Extended,Dunedin,36164,28.0199,-82.77323,/{segment}/fl/dunedin/,tier1-corridor-state
FL,Florida,city,Extended,Kendall West,36154,25.7065,-80.4388,/{segment}/fl/kendall-west/,tier1-corridor-state
FL,Florida,city,Extended,Richmond West,35884,25.6105,-80.42971,/{segment}/fl/richmond-west/,tier1-corridor-state
FL,Florida,city,Extended,Valrico,35545,27.93789,-82.23644,/{segment}/fl/valrico/,tier1-corridor-state
FL,Florida,city,Extended,Ponte Vedra Beach,35400,30.23969,-81.38564,/{segment}/fl/ponte-vedra-beach/,tier1-corridor-state
FL,Florida,city,Extended,Cooper City,35364,26.05731,-80.27172,/{segment}/fl/cooper-city/,tier1-corridor-state
FL,Florida,city,Extended,Egypt Lake-Leto,35282,28.01769,-82.50619,/{segment}/fl/egypt-lake-leto/,tier1-corridor-state
FL,Florida,city,Extended,Saint Cloud,35183,28.2489,-81.28118,/{segment}/fl/saint-cloud/,tier1-corridor-state
FL,Florida,city,Extended,Lauderdale Lakes,34796,26.16647,-80.20838,/{segment}/fl/lauderdale-lakes/,tier1-corridor-state
FL,Florida,city,Extended,Winter Springs,34789,28.69889,-81.30812,/{segment}/fl/winter-springs/,tier1-corridor-state
FL,Florida,city,Extended,Merritt Island,34743,28.359,-80.69,/{segment}/fl/merritt-island/,tier1-corridor-state
FL,Florida,city,Extended,West Little River,34699,25.85704,-80.23699,/{segment}/fl/west-little-river/,tier1-corridor-state
FL,Florida,city,Extended,Riviera Beach,34005,26.77534,-80.0581,/{segment}/fl/riviera-beach/,tier1-corridor-state
FL,Florida,city,Extended,Carrollwood,33365,28.05002,-82.49287,/{segment}/fl/carrollwood/,tier1-corridor-state
FL,Florida,city,Extended,Golden Glades,33145,25.91176,-80.20033,/{segment}/fl/golden-glades/,tier1-corridor-state
FL,Florida,city,Extended,Greenacres City,32963,26.62368,-80.12532,/{segment}/fl/greenacres-city/,tier1-corridor-state
FL,Florida,city,Extended,Santa Rosa Beach,32459,30.39603,-86.22883,/{segment}/fl/santa-rosa-beach/,tier1-corridor-state
FL,Florida,city,Extended,Clermont,32390,28.54944,-81.77285,/{segment}/fl/clermont/,tier1-corridor-state
FL,Florida,city,Extended,Land O' Lakes,31996,28.2189,-82.45759,/{segment}/fl/land-o-lakes/,tier1-corridor-state
FL,Florida,city,Extended,Dania Beach,31446,26.05231,-80.14393,/{segment}/fl/dania-beach/,tier1-corridor-state
FL,Florida,city,Extended,Navarre,31378,30.40159,-86.86357,/{segment}/fl/navarre/,tier1-corridor-state
FL,Florida,city,Extended,Miami Lakes,30972,25.90871,-80.30866,/{segment}/fl/miami-lakes/,tier1-corridor-state
FL,Florida,city,Extended,East Lake,30962,28.11085,-82.69482,/{segment}/fl/east-lake/,tier1-corridor-state
FL,Florida,city,Extended,Lakeside,30943,30.12996,-81.76815,/{segment}/fl/lakeside/,tier1-corridor-state
FL,Florida,city,Extended,Estero,30799,26.43814,-81.80675,/{segment}/fl/estero/,tier1-corridor-state
FL,Florida,city,Extended,DeLand,30195,29.02832,-81.30312,/{segment}/fl/deland/,tier1-corridor-state
FL,Florida,city,Extended,Parkland,30177,26.31008,-80.23727,/{segment}/fl/parkland/,tier1-corridor-state
FL,Florida,city,Extended,Winter Park,29943,28.6,-81.33924,/{segment}/fl/winter-park/,tier1-corridor-state
FL,Florida,city,Extended,Westchester,29862,25.75482,-80.32727,/{segment}/fl/westchester/,tier1-corridor-state
FL,Florida,city,Extended,Fruit Cove,29362,30.11107,-81.64176,/{segment}/fl/fruit-cove/,tier1-corridor-state
FL,Florida,city,Extended,Ferry Pass,28921,30.5102,-87.21247,/{segment}/fl/ferry-pass/,tier1-corridor-state
FL,Florida,city,Extended,Lake Magdalene,28509,28.07418,-82.47176,/{segment}/fl/lake-magdalene/,tier1-corridor-state
FL,Florida,city,Extended,Fleming Island,27126,30.0933,-81.71898,/{segment}/fl/fleming-island/,tier1-corridor-state
FL,Florida,city,Extended,Casselberry,27056,28.67778,-81.32785,/{segment}/fl/casselberry/,tier1-corridor-state
FL,Florida,city,Extended,University Park,26995,25.74649,-80.36755,/{segment}/fl/university-park/,tier1-corridor-state
FL,Florida,city,Extended,Cutler Ridge,26831,25.58066,-80.34672,/{segment}/fl/cutler-ridge/,tier1-corridor-state
FL,Florida,city,Extended,Cantonment,26493,30.60853,-87.33998,/{segment}/fl/cantonment/,tier1-corridor-state
FL,Florida,city,Extended,Leisure City,26324,25.49539,-80.42922,/{segment}/fl/leisure-city/,tier1-corridor-state
FL,Florida,city,Extended,Four Corners,26116,28.33287,-81.64738,/{segment}/fl/four-corners/,tier1-corridor-state
FL,Florida,city,Extended,Buenaventura Lakes,26079,28.33584,-81.35313,/{segment}/fl/buenaventura-lakes/,tier1-corridor-state
FL,Florida,city,Extended,Key West,25755,24.55524,-81.78163,/{segment}/fl/key-west/,tier1-corridor-state
FL,Florida,city,Extended,Temple Terrace,25731,28.0353,-82.38926,/{segment}/fl/temple-terrace/,tier1-corridor-state
FL,Florida,city,Extended,Meadow Woods,25558,28.38556,-81.36646,/{segment}/fl/meadow-woods/,tier1-corridor-state
FL,Florida,city,Extended,Rockledge,24926,28.35084,-80.72533,/{segment}/fl/rockledge/,tier1-corridor-state
FL,Florida,corridor,Core,I-10 (Florida),,,,/{segment}/corridors/i-10/fl/,tier1-freight-corridor; full-exit-coverage
FL,Florida,corridor,Extended,I-4 (Florida),,,,/{segment}/corridors/i-4/fl/,tier2-freight-corridor; route-page-only
FL,Florida,corridor,Core,I-75 (Florida),,,,/{segment}/corridors/i-75/fl/,tier1-freight-corridor; full-exit-coverage
FL,Florida,corridor,Core,I-95 (Florida),,,,/{segment}/corridors/i-95/fl/,tier1-freight-corridor; full-exit-coverage
GA,Georgia,city,Core,Atlanta,510823,33.749,-84.38798,/{segment}/ga/atlanta/,pop>=50k;top10-in-state
GA,Georgia,city,Core,Columbus,206922,32.46098,-84.98771,/{segment}/ga/columbus/,pop>=50k;top10-in-state
GA,Georgia,city,Core,Savannah,147780,32.08354,-81.09983,/{segment}/ga/savannah/,pop>=50k;top10-in-state
GA,Georgia,city,Core,Athens,127315,33.96095,-83.37794,/{segment}/ga/athens/,pop>=50k;top10-in-state
GA,Georgia,city,Core,South Fulton,107436,33.59259,-84.67294,/{segment}/ga/south-fulton/,pop>=50k;top10-in-state
GA,Georgia,city,Core,Sandy Springs,105330,33.92427,-84.37854,/{segment}/ga/sandy-springs/,pop>=50k;top10-in-state
GA,Georgia,city,Core,Roswell,94501,34.02316,-84.36159,/{segment}/ga/roswell/,pop>=50k;top10-in-state
GA,Georgia,city,Core,Macon,91351,32.84069,-83.6324,/{segment}/ga/macon/,pop>=50k;top10-in-state
GA,Georgia,city,Core,Johns Creek,83335,34.02893,-84.19858,/{segment}/ga/johns-creek/,pop>=50k;top10-in-state
GA,Georgia,city,Core,Albany,74843,31.57851,-84.15574,/{segment}/ga/albany/,pop>=50k;top10-in-state
GA,Georgia,city,Core,Warner Robins,73490,32.61574,-83.62664,/{segment}/ga/warner-robins/,pop>=50k
GA,Georgia,city,Core,Alpharetta,63693,34.07538,-84.29409,/{segment}/ga/alpharetta/,pop>=50k
GA,Georgia,city,Core,Marietta,59067,33.9526,-84.54993,/{segment}/ga/marietta/,pop>=50k
GA,Georgia,city,Core,Smyrna,56146,33.88399,-84.51438,/{segment}/ga/smyrna/,pop>=50k
GA,Georgia,city,Core,Valdosta,55724,30.83334,-83.28032,/{segment}/ga/valdosta/,pop>=50k
GA,Georgia,city,Core,Brookhaven,51910,33.85844,-84.3402,/{segment}/ga/brookhaven/,pop>=50k
GA,Georgia,city,Core,Stonecrest,50000,33.70849,-84.13485,/{segment}/ga/stonecrest/,pop>=50k
GA,Georgia,city,Extended,Dunwoody,48733,33.94621,-84.33465,/{segment}/ga/dunwoody/,tier1-corridor-state
GA,Georgia,city,Extended,Augusta,43459,33.47097,-81.97484,/{segment}/ga/augusta/,tier1-corridor-state
GA,Georgia,city,Extended,Peachtree Corners,40978,33.9701,-84.22159,/{segment}/ga/peachtree-corners/,tier1-corridor-state
GA,Georgia,city,Extended,Gainesville,38712,34.29788,-83.82407,/{segment}/ga/gainesville/,tier1-corridor-state
GA,Georgia,city,Extended,Milton,37547,34.13216,-84.30067,/{segment}/ga/milton/,tier1-corridor-state
GA,Georgia,city,Extended,Newnan,37291,33.38067,-84.79966,/{segment}/ga/newnan/,tier1-corridor-state
GA,Georgia,city,Extended,Mableton,37115,33.81872,-84.58243,/{segment}/ga/mableton/,tier1-corridor-state
GA,Georgia,city,Extended,Rome,36323,34.25704,-85.16467,/{segment}/ga/rome/,tier1-corridor-state
GA,Georgia,city,Extended,Martinez,35795,33.51736,-82.07567,/{segment}/ga/martinez/,tier1-corridor-state
GA,Georgia,city,Extended,East Point,35467,33.67955,-84.43937,/{segment}/ga/east-point/,tier1-corridor-state
GA,Georgia,city,Extended,Peachtree City,35240,33.39678,-84.59576,/{segment}/ga/peachtree-city/,tier1-corridor-state
GA,Georgia,city,Extended,Dalton,33853,34.7698,-84.97022,/{segment}/ga/dalton/,tier1-corridor-state
GA,Georgia,city,Extended,Kennesaw,33584,34.02343,-84.61549,/{segment}/ga/kennesaw/,tier1-corridor-state
GA,Georgia,city,Extended,Hinesville,33398,31.84688,-81.59595,/{segment}/ga/hinesville/,tier1-corridor-state
GA,Georgia,city,Extended,Redan,33015,33.74538,-84.13158,/{segment}/ga/redan/,tier1-corridor-state
GA,Georgia,city,Extended,Douglasville,32897,33.7515,-84.74771,/{segment}/ga/douglasville/,tier1-corridor-state
GA,Georgia,city,Extended,Statesboro,30721,32.44879,-81.78317,/{segment}/ga/statesboro/,tier1-corridor-state
GA,Georgia,city,Extended,Lawrenceville,30493,33.95621,-83.98796,/{segment}/ga/lawrenceville/,tier1-corridor-state
GA,Georgia,city,Extended,Woodstock,29898,34.10149,-84.51938,/{segment}/ga/woodstock/,tier1-corridor-state
GA,Georgia,city,Extended,LaGrange,29588,33.03929,-85.03133,/{segment}/ga/lagrange/,tier1-corridor-state
GA,Georgia,city,Extended,Duluth,29193,34.00288,-84.14464,/{segment}/ga/duluth/,tier1-corridor-state
GA,Georgia,city,Extended,Evans,29011,33.53375,-82.13067,/{segment}/ga/evans/,tier1-corridor-state
GA,Georgia,city,Extended,Chamblee,28244,33.89205,-84.29881,/{segment}/ga/chamblee/,tier1-corridor-state
GA,Georgia,city,Extended,Stockbridge,28202,33.54428,-84.23381,/{segment}/ga/stockbridge/,tier1-corridor-state
GA,Georgia,city,Extended,Tucker,27581,33.85455,-84.21714,/{segment}/ga/tucker/,tier1-corridor-state
GA,Georgia,city,Extended,Carrollton,26203,33.58011,-85.07661,/{segment}/ga/carrollton/,tier1-corridor-state
GA,Georgia,city,Extended,Canton,25469,34.23676,-84.49076,/{segment}/ga/canton/,tier1-corridor-state
GA,Georgia,corridor,Extended,I-16 (Georgia),,,,/{segment}/corridors/i-16/ga/,tier2-freight-corridor; route-page-only
GA,Georgia,corridor,Core,I-20 (Georgia),,,,/{segment}/corridors/i-20/ga/,tier1-freight-corridor; full-exit-coverage
GA,Georgia,corridor,Extended,I-24 (Georgia),,,,/{segment}/corridors/i-24/ga/,tier2-freight-corridor; route-page-only
GA,Georgia,corridor,Extended,I-59 (Georgia),,,,/{segment}/corridors/i-59/ga/,tier2-freight-corridor; route-page-only
GA,Georgia,corridor,Core,I-75 (Georgia),,,,/{segment}/corridors/i-75/ga/,tier1-freight-corridor; full-exit-coverage
GA,Georgia,corridor,Core,I-85 (Georgia),,,,/{segment}/corridors/i-85/ga/,tier1-freight-corridor; full-exit-coverage
GA,Georgia,corridor,Core,I-95 (Georgia),,,,/{segment}/corridors/i-95/ga/,tier1-freight-corridor; full-exit-coverage
HI,Hawaii,city,Core,Honolulu,350964,21.30694,-157.85833,/{segment}/hi/honolulu/,pop>=50k;top10-in-state
HI,Hawaii,city,Extended,East Honolulu,49914,21.28906,-157.71734,/{segment}/hi/east-honolulu/,top10-in-state
HI,Hawaii,city,Extended,Pearl City,47698,21.39734,-157.97516,/{segment}/hi/pearl-city/,top10-in-state
HI,Hawaii,city,Extended,Makakilo / Kapolei / Honokai Hale,46389,21.3374,-158.09676,/{segment}/hi/makakilo--kapolei--honokai-hale/,top10-in-state
HI,Hawaii,city,Extended,Kalihi-Palama,43805,21.32608,-157.87594,/{segment}/hi/kalihi-palama/,top10-in-state
HI,Hawaii,city,Extended,Hilo,43263,19.72991,-155.09073,/{segment}/hi/hilo/,top10-in-state
HI,Hawaii,city,Extended,Joint Base Pearl Harbor Hickam,42184,21.34906,-157.94713,/{segment}/hi/joint-base-pearl-harbor-hickam/,top10-in-state
HI,Hawaii,city,Extended,Aliamanu / Salt Lakes / Foster Village,38833,21.36022,-157.91838,/{segment}/hi/aliamanu--salt-lakes--foster-village/,top10-in-state
HI,Hawaii,city,Extended,Kailua,38635,21.40241,-157.74054,/{segment}/hi/kailua/,top10-in-state
HI,Hawaii,city,Extended,Waipahu,38216,21.38667,-158.00917,/{segment}/hi/waipahu/,top10-in-state
IA,Iowa,city,Core,Des Moines,214133,41.60054,-93.60911,/{segment}/ia/des-moines/,pop>=50k;top10-in-state
IA,Iowa,city,Core,Cedar Rapids,130405,42.00833,-91.64407,/{segment}/ia/cedar-rapids/,pop>=50k;top10-in-state
IA,Iowa,city,Core,Davenport,102582,41.52364,-90.57764,/{segment}/ia/davenport/,pop>=50k;top10-in-state
IA,Iowa,city,Core,Sioux City,82821,42.49999,-96.40031,/{segment}/ia/sioux-city/,pop>=50k;top10-in-state
IA,Iowa,city,Core,Iowa City,74220,41.66113,-91.53017,/{segment}/ia/iowa-city/,pop>=50k;top10-in-state
IA,Iowa,city,Core,Waterloo,68460,42.49276,-92.34296,/{segment}/ia/waterloo/,pop>=50k;top10-in-state
IA,Iowa,city,Core,Ames,65060,42.03471,-93.61994,/{segment}/ia/ames/,pop>=50k;top10-in-state
IA,Iowa,city,Core,West Des Moines,64113,41.57721,-93.71133,/{segment}/ia/west-des-moines/,pop>=50k;top10-in-state
IA,Iowa,city,Core,Council Bluffs,62597,41.26194,-95.86083,/{segment}/ia/council-bluffs/,pop>=50k;top10-in-state
IA,Iowa,city,Core,Dubuque,58799,42.50056,-90.66457,/{segment}/ia/dubuque/,pop>=50k;top10-in-state
IA,Iowa,city,Core,Ankeny,56764,41.72971,-93.60577,/{segment}/ia/ankeny/,pop>=50k
IA,Iowa,city,Extended,Urbandale,44062,41.62666,-93.71217,/{segment}/ia/urbandale/,tier1-corridor-state
IA,Iowa,city,Extended,Cedar Falls,41255,42.52776,-92.44547,/{segment}/ia/cedar-falls/,tier1-corridor-state
IA,Iowa,city,Extended,Marion,37330,42.03417,-91.59768,/{segment}/ia/marion/,tier1-corridor-state
IA,Iowa,city,Extended,Bettendorf,35505,41.52448,-90.51569,/{segment}/ia/bettendorf/,tier1-corridor-state
IA,Iowa,city,Extended,Marshalltown,27620,42.04943,-92.90798,/{segment}/ia/marshalltown/,tier1-corridor-state
IA,Iowa,city,Extended,Mason City,27366,43.15357,-93.20104,/{segment}/ia/mason-city/,tier1-corridor-state
IA,Iowa,city,Extended,Clinton,26064,41.84447,-90.18874,/{segment}/ia/clinton/,tier1-corridor-state
IA,Iowa,city,Extended,Burlington,25410,40.80754,-91.11292,/{segment}/ia/burlington/,tier1-corridor-state
IA,Iowa,corridor,Extended,I-29 (Iowa),,,,/{segment}/corridors/i-29/ia/,tier2-freight-corridor; route-page-only
IA,Iowa,corridor,Core,I-35 (Iowa),,,,/{segment}/corridors/i-35/ia/,tier1-freight-corridor; full-exit-coverage
IA,Iowa,corridor,Extended,I-74 (Iowa),,,,/{segment}/corridors/i-74/ia/,tier2-freight-corridor; route-page-only
IA,Iowa,corridor,Core,I-80 (Iowa),,,,/{segment}/corridors/i-80/ia/,tier1-freight-corridor; full-exit-coverage
ID,Idaho,city,Core,Boise,235684,43.6135,-116.20345,/{segment}/id/boise/,pop>=50k;top10-in-state
ID,Idaho,city,Core,Meridian,90739,43.61211,-116.39151,/{segment}/id/meridian/,pop>=50k;top10-in-state
ID,Idaho,city,Core,Nampa,89839,43.54072,-116.56346,/{segment}/id/nampa/,pop>=50k;top10-in-state
ID,Idaho,city,Core,Idaho Falls,59184,43.46658,-112.03414,/{segment}/id/idaho-falls/,pop>=50k;top10-in-state
ID,Idaho,city,Core,Pocatello,54441,42.8713,-112.44553,/{segment}/id/pocatello/,pop>=50k;top10-in-state
ID,Idaho,city,Core,Caldwell,51686,43.66294,-116.68736,/{segment}/id/caldwell/,pop>=50k;top10-in-state
ID,Idaho,city,Extended,Coeur d'Alene,49122,47.67768,-116.78047,/{segment}/id/coeur-dalene/,top10-in-state
ID,Idaho,city,Extended,Twin Falls,47468,42.56297,-114.46087,/{segment}/id/twin-falls/,top10-in-state
ID,Idaho,city,Extended,Lewiston,32544,46.41655,-117.01766,/{segment}/id/lewiston/,top10-in-state
ID,Idaho,city,Extended,Lewiston Orchards,31422,46.38044,-116.97543,/{segment}/id/lewiston-orchards/,top10-in-state
ID,Idaho,city,Extended,Post Falls,30453,47.71796,-116.95159,/{segment}/id/post-falls/,tier1-corridor-state
ID,Idaho,city,Extended,Rexburg,27663,43.82602,-111.78969,/{segment}/id/rexburg/,tier1-corridor-state
ID,Idaho,city,Extended,Moscow,25060,46.73239,-117.00017,/{segment}/id/moscow/,tier1-corridor-state
ID,Idaho,corridor,Core,I-15 (Idaho),,,,/{segment}/corridors/i-15/id/,tier1-freight-corridor; full-exit-coverage
ID,Idaho,corridor,Extended,I-84 (Idaho),,,,/{segment}/corridors/i-84/id/,tier2-freight-corridor; route-page-only
ID,Idaho,corridor,Extended,I-86 (Idaho),,,,/{segment}/corridors/i-86/id/,tier2-freight-corridor; route-page-only
ID,Idaho,corridor,Core,I-90 (Idaho),,,,/{segment}/corridors/i-90/id/,tier1-freight-corridor; full-exit-coverage
IL,Illinois,city,Core,Chicago,2664452,41.85003,-87.65005,/{segment}/il/chicago/,pop>=50k;top10-in-state
IL,Illinois,city,Core,Aurora,200661,41.76058,-88.32007,/{segment}/il/aurora/,pop>=50k;top10-in-state
IL,Illinois,city,Core,Rockford,148278,42.27113,-89.094,/{segment}/il/rockford/,pop>=50k;top10-in-state
IL,Illinois,city,Core,Joliet,147861,41.52519,-88.0834,/{segment}/il/joliet/,pop>=50k;top10-in-state
IL,Illinois,city,Core,Naperville,147100,41.78586,-88.14729,/{segment}/il/naperville/,pop>=50k;top10-in-state
IL,Illinois,city,Core,Peoria,115070,40.69365,-89.58899,/{segment}/il/peoria/,pop>=50k;top10-in-state
IL,Illinois,city,Core,Springfield,114394,39.80172,-89.64371,/{segment}/il/springfield/,pop>=50k;top10-in-state
IL,Illinois,city,Core,North Peoria,113004,40.71754,-89.58426,/{segment}/il/north-peoria/,pop>=50k;top10-in-state
IL,Illinois,city,Core,Elgin,112111,42.03725,-88.28119,/{segment}/il/elgin/,pop>=50k;top10-in-state
IL,Illinois,city,Core,Waukegan,88475,42.36363,-87.84479,/{segment}/il/waukegan/,pop>=50k;top10-in-state
IL,Illinois,city,Core,West Town,86429,41.89381,-87.67493,/{segment}/il/west-town/,pop>=50k
IL,Illinois,city,Core,Champaign,86096,40.11642,-88.24338,/{segment}/il/champaign/,pop>=50k
IL,Illinois,city,Core,Near North Side,85711,41.90003,-87.6345,/{segment}/il/near-north-side/,pop>=50k
IL,Illinois,city,Core,Cicero,83886,41.84559,-87.75394,/{segment}/il/cicero/,pop>=50k
IL,Illinois,city,Core,Belmont Cragin,79159,41.9317,-87.76867,/{segment}/il/belmont-cragin/,pop>=50k
IL,Illinois,city,Core,Bloomington,78292,40.4842,-88.99369,/{segment}/il/bloomington/,pop>=50k
IL,Illinois,city,Core,Arlington Heights,75926,42.08836,-87.98063,/{segment}/il/arlington-heights/,pop>=50k
IL,Illinois,city,Core,Evanston,75527,42.04114,-87.69006,/{segment}/il/evanston/,pop>=50k
IL,Illinois,city,Core,Schaumburg,74693,42.03336,-88.08341,/{segment}/il/schaumburg/,pop>=50k
IL,Illinois,city,Core,Bolingbrook,74306,41.69864,-88.0684,/{segment}/il/bolingbrook/,pop>=50k
IL,Illinois,city,Core,South Lawndale,73826,41.84364,-87.71255,/{segment}/il/south-lawndale/,pop>=50k
IL,Illinois,city,Core,Logan Square,73702,41.92337,-87.69922,/{segment}/il/logan-square/,pop>=50k
IL,Illinois,city,Core,Decatur,73254,39.84031,-88.9548,/{segment}/il/decatur/,pop>=50k
IL,Illinois,city,Core,West Ridge,72211,41.99975,-87.69284,/{segment}/il/west-ridge/,pop>=50k
IL,Illinois,city,Core,Palatine,69308,42.1103,-88.03424,/{segment}/il/palatine/,pop>=50k
IL,Illinois,city,Core,Lincoln Park,66959,41.9217,-87.64783,/{segment}/il/lincoln-park/,pop>=50k
IL,Illinois,city,Core,Portage Park,64841,41.95781,-87.76506,/{segment}/il/portage-park/,pop>=50k
IL,Illinois,city,Core,Skokie,64821,42.03336,-87.73339,/{segment}/il/skokie/,pop>=50k
IL,Illinois,city,Core,Des Plaines,58677,42.03336,-87.8834,/{segment}/il/des-plaines/,pop>=50k
IL,Illinois,city,Core,Orland Park,58619,41.63031,-87.85394,/{segment}/il/orland-park/,pop>=50k
IL,Illinois,city,Core,Tinley Park,57143,41.57337,-87.78449,/{segment}/il/tinley-park/,pop>=50k
IL,Illinois,city,Core,Oak Lawn,56781,41.71087,-87.75811,/{segment}/il/oak-lawn/,pop>=50k
IL,Illinois,city,Core,Irving Park,56520,41.95336,-87.73645,/{segment}/il/irving-park/,pop>=50k
IL,Illinois,city,Core,Berwyn,56368,41.85059,-87.79367,/{segment}/il/berwyn/,pop>=50k
IL,Illinois,city,Core,Chicago Lawn,55551,41.77503,-87.69644,/{segment}/il/chicago-lawn/,pop>=50k
IL,Illinois,city,Core,Uptown,55137,41.9659,-87.65262,/{segment}/il/uptown/,pop>=50k
IL,Illinois,city,Core,Edgewater,54873,41.98337,-87.66395,/{segment}/il/edgewater/,pop>=50k
IL,Illinois,city,Core,Mount Prospect,54747,42.06642,-87.93729,/{segment}/il/mount-prospect/,pop>=50k
IL,Illinois,city,Core,Rogers Park,54402,42.00864,-87.66672,/{segment}/il/rogers-park/,pop>=50k
IL,Illinois,city,Core,Normal,54373,40.5142,-88.99063,/{segment}/il/normal/,pop>=50k
IL,Illinois,city,Core,Wheaton,53715,41.86614,-88.10701,/{segment}/il/wheaton/,pop>=50k
IL,Illinois,city,Core,Oak Park,52287,41.88503,-87.7845,/{segment}/il/oak-park/,pop>=50k
IL,Illinois,city,Core,Hoffman Estates,52138,42.04281,-88.0798,/{segment}/il/hoffman-estates/,pop>=50k
IL,Illinois,city,Core,Albany Park,52079,41.96836,-87.72339,/{segment}/il/albany-park/,pop>=50k
IL,Illinois,city,Core,South Shore,51451,41.76198,-87.57783,/{segment}/il/south-shore/,pop>=50k
IL,Illinois,city,Extended,Downers Grove,49732,41.80892,-88.01117,/{segment}/il/downers-grove/,tier1-corridor-state
IL,Illinois,city,Extended,Glenview,47446,42.06975,-87.78784,/{segment}/il/glenview/,tier1-corridor-state
IL,Illinois,city,Extended,Elmhurst,45957,41.89947,-87.94034,/{segment}/il/elmhurst/,tier1-corridor-state
IL,Illinois,city,Extended,Auburn Gresham,45842,41.74179,-87.65322,/{segment}/il/auburn-gresham/,tier1-corridor-state
IL,Illinois,city,Extended,Brighton Park,44202,41.81892,-87.69894,/{segment}/il/brighton-park/,tier1-corridor-state
IL,Illinois,city,Extended,Lombard,43797,41.88003,-88.00784,/{segment}/il/lombard/,tier1-corridor-state
IL,Illinois,city,Extended,DeKalb,43211,41.92947,-88.75036,/{segment}/il/dekalb/,tier1-corridor-state
IL,Illinois,city,Extended,Ashburn,42752,41.74753,-87.71116,/{segment}/il/ashburn/,tier1-corridor-state
IL,Illinois,city,Extended,Moline,42681,41.5067,-90.51513,/{segment}/il/moline/,tier1-corridor-state
IL,Illinois,city,Extended,Plainfield,42527,41.62697,-88.20395,/{segment}/il/plainfield/,tier1-corridor-state
IL,Illinois,city,Extended,Urbana,42311,40.11059,-88.20727,/{segment}/il/urbana/,tier1-corridor-state
IL,Illinois,city,Extended,Belleville,42034,38.52005,-89.98399,/{segment}/il/belleville/,tier1-corridor-state
IL,Illinois,city,Extended,Bartlett,41545,41.99503,-88.18563,/{segment}/il/bartlett/,tier1-corridor-state
IL,Illinois,city,Extended,Buffalo Grove,41496,42.15141,-87.95979,/{segment}/il/buffalo-grove/,tier1-corridor-state
IL,Illinois,city,Extended,Gage Park,41202,41.79503,-87.69616,/{segment}/il/gage-park/,tier1-corridor-state
IL,Illinois,city,Extended,New City,40997,41.80753,-87.65644,/{segment}/il/new-city/,tier1-corridor-state
IL,Illinois,city,Extended,Quincy,40780,39.9356,-91.40987,/{segment}/il/quincy/,tier1-corridor-state
IL,Illinois,city,Extended,Lincoln Square,40761,41.97587,-87.68922,/{segment}/il/lincoln-square/,tier1-corridor-state
IL,Illinois,city,Extended,Streamwood,40554,42.02558,-88.17841,/{segment}/il/streamwood/,tier1-corridor-state
IL,Illinois,city,Extended,Crystal Lake,40448,42.24113,-88.3162,/{segment}/il/crystal-lake/,tier1-corridor-state
IL,Illinois,city,Extended,Carol Stream,40356,41.91253,-88.13479,/{segment}/il/carol-stream/,tier1-corridor-state
IL,Illinois,city,Extended,Avondale,39721,41.93892,-87.71117,/{segment}/il/avondale/,tier1-corridor-state
IL,Illinois,city,Extended,Romeoville,39719,41.64753,-88.08951,/{segment}/il/romeoville/,tier1-corridor-state
IL,Illinois,city,Extended,Rock Island,38620,41.50948,-90.57875,/{segment}/il/rock-island/,tier1-corridor-state
IL,Illinois,city,Extended,Carpentersville,38512,42.12114,-88.25786,/{segment}/il/carpentersville/,tier1-corridor-state
IL,Illinois,city,Extended,Hanover Park,38333,41.99947,-88.14507,/{segment}/il/hanover-park/,tier1-corridor-state
IL,Illinois,city,Extended,Wheeling,38079,42.13919,-87.92896,/{segment}/il/wheeling/,tier1-corridor-state
IL,Illinois,city,Extended,Park Ridge,37757,42.01114,-87.84062,/{segment}/il/park-ridge/,tier1-corridor-state
IL,Illinois,city,Extended,Addison,37208,41.9317,-87.98896,/{segment}/il/addison/,tier1-corridor-state
IL,Illinois,city,Extended,Calumet City,37031,41.61559,-87.52949,/{segment}/il/calumet-city/,tier1-corridor-state
IL,Illinois,city,Extended,North Lawndale,35276,41.86003,-87.71839,/{segment}/il/north-lawndale/,tier1-corridor-state
IL,Illinois,city,Extended,North Center,34623,41.95392,-87.67895,/{segment}/il/north-center/,tier1-corridor-state
IL,Illinois,city,Extended,Lower West Side,34410,41.8542,-87.66561,/{segment}/il/lower-west-side/,tier1-corridor-state
IL,Illinois,city,Extended,Glendale Heights,34208,41.9146,-88.06486,/{segment}/il/glendale-heights/,tier1-corridor-state
IL,Illinois,city,Extended,Oswego,33955,41.68281,-88.35146,/{segment}/il/oswego/,tier1-corridor-state
IL,Illinois,city,Extended,Bridgeport,33878,41.83809,-87.65116,/{segment}/il/bridgeport/,tier1-corridor-state
IL,Illinois,city,Extended,Northbrook,33663,42.12753,-87.82895,/{segment}/il/northbrook/,tier1-corridor-state
IL,Illinois,city,Extended,Chicago Loop,33442,41.88407,-87.6333,/{segment}/il/chicago-loop/,tier1-corridor-state
IL,Illinois,city,Extended,Woodridge,33370,41.74697,-88.05034,/{segment}/il/woodridge/,tier1-corridor-state
IL,Illinois,city,Extended,Elk Grove Village,33238,42.00392,-87.97035,/{segment}/il/elk-grove-village/,tier1-corridor-state
IL,Illinois,city,Extended,Pekin,33223,40.56754,-89.64066,/{segment}/il/pekin/,tier1-corridor-state
IL,Illinois,city,Extended,St. Charles,32974,41.91419,-88.30869,/{segment}/il/st-charles/,tier1-corridor-state
IL,Illinois,city,Extended,West Lawn,32749,41.77281,-87.72227,/{segment}/il/west-lawn/,tier1-corridor-state
IL,Illinois,city,Extended,Greater Grand Crossing,32346,41.76113,-87.61485,/{segment}/il/greater-grand-crossing/,tier1-corridor-state
IL,Illinois,city,Extended,West Englewood,32156,41.77809,-87.66672,/{segment}/il/west-englewood/,tier1-corridor-state
IL,Illinois,city,Extended,Danville,32108,40.12448,-87.63002,/{segment}/il/danville/,tier1-corridor-state
IL,Illinois,city,Extended,Mundelein,31582,42.26308,-88.00397,/{segment}/il/mundelein/,tier1-corridor-state
IL,Illinois,city,Extended,Chatham,31392,41.74115,-87.61255,/{segment}/il/chatham/,tier1-corridor-state
IL,Illinois,city,Extended,Galesburg,31273,40.94782,-90.37124,/{segment}/il/galesburg/,tier1-corridor-state
IL,Illinois,city,Extended,Gurnee,31056,42.3703,-87.90202,/{segment}/il/gurnee/,tier1-corridor-state
IL,Illinois,city,Extended,Algonquin,30571,42.16558,-88.29425,/{segment}/il/algonquin/,tier1-corridor-state
IL,Illinois,city,Extended,Chicago Heights,30284,41.50615,-87.6356,/{segment}/il/chicago-heights/,tier1-corridor-state
IL,Illinois,city,Extended,Niles,29876,42.01892,-87.80284,/{segment}/il/niles/,tier1-corridor-state
IL,Illinois,city,Extended,Highland Park,29743,42.18169,-87.80034,/{segment}/il/highland-park/,tier1-corridor-state
IL,Illinois,city,Extended,North Chicago,29491,42.32558,-87.84118,/{segment}/il/north-chicago/,tier1-corridor-state
IL,Illinois,city,Extended,Upper Alton,29251,38.91144,-90.15066,/{segment}/il/upper-alton/,tier1-corridor-state
IL,Illinois,city,Extended,Burbank,29128,41.73392,-87.7795,/{segment}/il/burbank/,tier1-corridor-state
IL,Illinois,city,Extended,Granite City,29054,38.70144,-90.14872,/{segment}/il/granite-city/,tier1-corridor-state
IL,Illinois,city,Extended,Lake in the Hills,29024,42.18169,-88.33036,/{segment}/il/lake-in-the-hills/,tier1-corridor-state
IL,Illinois,city,Extended,O'Fallon,29002,38.59227,-89.91121,/{segment}/il/ofallon/,tier1-corridor-state
IL,Illinois,city,Extended,Lansing,28349,41.56476,-87.53893,/{segment}/il/lansing/,tier1-corridor-state
IL,Illinois,city,Extended,Glen Ellyn,28201,41.87753,-88.06701,/{segment}/il/glen-ellyn/,tier1-corridor-state
IL,Illinois,city,Extended,South Chicago,28095,41.73977,-87.55425,/{segment}/il/south-chicago/,tier1-corridor-state
IL,Illinois,city,Extended,Oak Forest,28074,41.60281,-87.74394,/{segment}/il/oak-forest/,tier1-corridor-state
IL,Illinois,city,Extended,Round Lake Beach,27852,42.37169,-88.09008,/{segment}/il/round-lake-beach/,tier1-corridor-state
IL,Illinois,city,Extended,West Chicago,27447,41.88475,-88.20396,/{segment}/il/west-chicago/,tier1-corridor-state
IL,Illinois,city,Extended,Wilmette,27413,42.07225,-87.72284,/{segment}/il/wilmette/,tier1-corridor-state
IL,Illinois,city,Extended,East Saint Louis,27006,38.6245,-90.15094,/{segment}/il/east-saint-louis/,tier1-corridor-state
IL,Illinois,city,Extended,Alton,27003,38.8906,-90.18428,/{segment}/il/alton/,tier1-corridor-state
IL,Illinois,city,Extended,Hyde Park,26893,41.7942,-87.59394,/{segment}/il/hyde-park/,tier1-corridor-state
IL,Illinois,city,Extended,Kankakee,26676,41.12003,-87.86115,/{segment}/il/kankakee/,tier1-corridor-state
IL,Illinois,city,Extended,McHenry,26657,42.33335,-88.26675,/{segment}/il/mchenry/,tier1-corridor-state
IL,Illinois,city,Extended,Batavia,26495,41.85003,-88.31257,/{segment}/il/batavia/,tier1-corridor-state
IL,Illinois,city,Extended,Carbondale,26399,37.72727,-89.21675,/{segment}/il/carbondale/,tier1-corridor-state
IL,Illinois,city,Extended,Vernon Hills,26314,42.21947,-87.97952,/{segment}/il/vernon-hills/,tier1-corridor-state
IL,Illinois,city,Extended,Englewood,26121,41.77976,-87.64588,/{segment}/il/englewood/,tier1-corridor-state
IL,Illinois,city,Extended,Huntley,26005,42.16808,-88.42814,/{segment}/il/huntley/,tier1-corridor-state
IL,Illinois,city,Extended,New Lenox,25800,41.51198,-87.96561,/{segment}/il/new-lenox/,tier1-corridor-state
IL,Illinois,city,Extended,Melrose Park,25379,41.90059,-87.85673,/{segment}/il/melrose-park/,tier1-corridor-state
IL,Illinois,city,Extended,Harvey,25194,41.61003,-87.64671,/{segment}/il/harvey/,tier1-corridor-state
IL,Illinois,city,Extended,Woodstock,25189,42.31474,-88.4487,/{segment}/il/woodstock/,tier1-corridor-state
IL,Illinois,city,Extended,Lockport,25175,41.58948,-88.05784,/{segment}/il/lockport/,tier1-corridor-state
IL,Illinois,city,Extended,Belvidere,25132,42.26391,-88.84427,/{segment}/il/belvidere/,tier1-corridor-state
IL,Illinois,city,Extended,Edwardsville,24992,38.81144,-89.95316,/{segment}/il/edwardsville/,tier1-corridor-state
IL,Illinois,city,Extended,Westmont,24941,41.79586,-87.97562,/{segment}/il/westmont/,tier1-corridor-state
IL,Illinois,city,Extended,Elmwood Park,24840,41.92114,-87.80923,/{segment}/il/elmwood-park/,tier1-corridor-state
IL,Illinois,corridor,Extended,I-24 (Illinois),,,,/{segment}/corridors/i-24/il/,tier2-freight-corridor; route-page-only
IL,Illinois,corridor,Extended,I-39 (Illinois),,,,/{segment}/corridors/i-39/il/,tier2-freight-corridor; route-page-only
IL,Illinois,corridor,Extended,I-55 (Illinois),,,,/{segment}/corridors/i-55/il/,tier2-freight-corridor; route-page-only
IL,Illinois,corridor,Extended,I-57 (Illinois),,,,/{segment}/corridors/i-57/il/,tier2-freight-corridor; route-page-only
IL,Illinois,corridor,Extended,I-64 (Illinois),,,,/{segment}/corridors/i-64/il/,tier2-freight-corridor; route-page-only
IL,Illinois,corridor,Core,I-70 (Illinois),,,,/{segment}/corridors/i-70/il/,tier1-freight-corridor; full-exit-coverage
IL,Illinois,corridor,Extended,I-72 (Illinois),,,,/{segment}/corridors/i-72/il/,tier2-freight-corridor; route-page-only
IL,Illinois,corridor,Extended,I-74 (Illinois),,,,/{segment}/corridors/i-74/il/,tier2-freight-corridor; route-page-only
IL,Illinois,corridor,Core,I-80 (Illinois),,,,/{segment}/corridors/i-80/il/,tier1-freight-corridor; full-exit-coverage
IL,Illinois,corridor,Extended,I-88 (Illinois),,,,/{segment}/corridors/i-88/il/,tier2-freight-corridor; route-page-only
IL,Illinois,corridor,Core,I-90 (Illinois),,,,/{segment}/corridors/i-90/il/,tier1-freight-corridor; full-exit-coverage
IL,Illinois,corridor,Extended,I-94 (Illinois),,,,/{segment}/corridors/i-94/il/,tier2-freight-corridor; route-page-only
IN,Indiana,city,Core,Indianapolis,887642,39.76838,-86.15804,/{segment}/in/indianapolis/,pop>=50k;top10-in-state
IN,Indiana,city,Core,Fort Wayne,260326,41.1306,-85.12886,/{segment}/in/fort-wayne/,pop>=50k;top10-in-state
IN,Indiana,city,Core,Evansville,119943,37.97476,-87.55585,/{segment}/in/evansville/,pop>=50k;top10-in-state
IN,Indiana,city,Core,South Bend,101516,41.68338,-86.25001,/{segment}/in/south-bend/,pop>=50k;top10-in-state
IN,Indiana,city,Core,Carmel,88713,39.97837,-86.11804,/{segment}/in/carmel/,pop>=50k;top10-in-state
IN,Indiana,city,Core,Bloomington,84067,39.16533,-86.52639,/{segment}/in/bloomington/,pop>=50k;top10-in-state
IN,Indiana,city,Core,Hammond,77614,41.58337,-87.50004,/{segment}/in/hammond/,pop>=50k;top10-in-state
IN,Indiana,city,Core,Gary,77156,41.59337,-87.34643,/{segment}/in/gary/,pop>=50k;top10-in-state
IN,Indiana,city,Core,Fishers,76794,39.95559,-86.01387,/{segment}/in/fishers/,pop>=50k;top10-in-state
IN,Indiana,city,Core,Lafayette,71111,40.4167,-86.87529,/{segment}/in/lafayette/,pop>=50k;top10-in-state
IN,Indiana,city,Core,Muncie,70087,40.19338,-85.38636,/{segment}/in/muncie/,pop>=50k
IN,Indiana,city,Core,Terre Haute,60825,39.4667,-87.41391,/{segment}/in/terre-haute/,pop>=50k
IN,Indiana,city,Core,Noblesville,59093,40.04559,-86.0086,/{segment}/in/noblesville/,pop>=50k
IN,Indiana,city,Core,Kokomo,57995,40.48643,-86.1336,/{segment}/in/kokomo/,pop>=50k
IN,Indiana,city,Core,Greenwood,55586,39.61366,-86.10665,/{segment}/in/greenwood/,pop>=50k
IN,Indiana,city,Core,Anderson,55305,40.10532,-85.68025,/{segment}/in/anderson/,pop>=50k
IN,Indiana,city,Core,Elkhart,52348,41.68199,-85.97667,/{segment}/in/elkhart/,pop>=50k
IN,Indiana,city,Extended,Mishawaka,48261,41.66199,-86.15862,/{segment}/in/mishawaka/,tier1-corridor-state
IN,Indiana,city,Extended,Lawrence,47809,39.83865,-86.02526,/{segment}/in/lawrence/,tier1-corridor-state
IN,Indiana,city,Extended,Jeffersonville,46960,38.27757,-85.73718,/{segment}/in/jeffersonville/,tier1-corridor-state
IN,Indiana,city,Extended,Columbus,46690,39.20144,-85.92138,/{segment}/in/columbus/,tier1-corridor-state
IN,Indiana,city,Extended,West Lafayette,45550,40.42587,-86.90807,/{segment}/in/west-lafayette/,tier1-corridor-state
IN,Indiana,city,Extended,Portage,36738,41.57587,-87.17615,/{segment}/in/portage/,tier1-corridor-state
IN,Indiana,city,Extended,Westfield,36738,40.04282,-86.12749,/{segment}/in/westfield/,tier1-corridor-state
IN,Indiana,city,Extended,New Albany,36732,38.28562,-85.82413,/{segment}/in/new-albany/,tier1-corridor-state
IN,Indiana,city,Extended,Richmond,35854,39.82894,-84.89024,/{segment}/in/richmond/,tier1-corridor-state
IN,Indiana,city,Extended,Merrillville,35224,41.48281,-87.33281,/{segment}/in/merrillville/,tier1-corridor-state
IN,Indiana,city,Extended,Goshen,32983,41.58227,-85.83444,/{segment}/in/goshen/,tier1-corridor-state
IN,Indiana,city,Extended,Valparaiso,32626,41.47309,-87.06114,/{segment}/in/valparaiso/,tier1-corridor-state
IN,Indiana,city,Extended,Michigan City,31459,41.70754,-86.89503,/{segment}/in/michigan-city/,tier1-corridor-state
IN,Indiana,city,Extended,Plainfield,30590,39.70421,-86.39944,/{segment}/in/plainfield/,tier1-corridor-state
IN,Indiana,city,Extended,Granger,30465,41.75338,-86.11084,/{segment}/in/granger/,tier1-corridor-state
IN,Indiana,city,Extended,Marion,29081,40.55837,-85.65914,/{segment}/in/marion/,tier1-corridor-state
IN,Indiana,city,Extended,Crown Point,28879,41.41698,-87.36531,/{segment}/in/crown-point/,tier1-corridor-state
IN,Indiana,city,Extended,Schererville,28791,41.47892,-87.45476,/{segment}/in/schererville/,tier1-corridor-state
IN,Indiana,city,Extended,East Chicago,28699,41.6392,-87.45476,/{segment}/in/east-chicago/,tier1-corridor-state
IN,Indiana,city,Extended,Hobart,28404,41.53226,-87.25504,/{segment}/in/hobart/,tier1-corridor-state
IN,Indiana,city,Extended,Zionsville,26296,39.95087,-86.26194,/{segment}/in/zionsville/,tier1-corridor-state
IN,Indiana,city,Extended,Brownsburg,24996,39.84338,-86.39777,/{segment}/in/brownsburg/,tier1-corridor-state
IN,Indiana,corridor,Extended,I-64 (Indiana),,,,/{segment}/corridors/i-64/in/,tier2-freight-corridor; route-page-only
IN,Indiana,corridor,Extended,I-65 (Indiana),,,,/{segment}/corridors/i-65/in/,tier2-freight-corridor; route-page-only
IN,Indiana,corridor,Extended,I-69 (Indiana),,,,/{segment}/corridors/i-69/in/,tier2-freight-corridor; route-page-only
IN,Indiana,corridor,Core,I-70 (Indiana),,,,/{segment}/corridors/i-70/in/,tier1-freight-corridor; full-exit-coverage
IN,Indiana,corridor,Extended,I-74 (Indiana),,,,/{segment}/corridors/i-74/in/,tier2-freight-corridor; route-page-only
IN,Indiana,corridor,Core,I-80 (Indiana),,,,/{segment}/corridors/i-80/in/,tier1-freight-corridor; full-exit-coverage
IN,Indiana,corridor,Core,I-90 (Indiana),,,,/{segment}/corridors/i-90/in/,tier1-freight-corridor; full-exit-coverage
IN,Indiana,corridor,Extended,I-94 (Indiana),,,,/{segment}/corridors/i-94/in/,tier2-freight-corridor; route-page-only
KS,Kansas,city,Core,Wichita,396119,37.69224,-97.33754,/{segment}/ks/wichita/,pop>=50k;top10-in-state
KS,Kansas,city,Core,Overland Park,186515,38.98223,-94.67079,/{segment}/ks/overland-park/,pop>=50k;top10-in-state
KS,Kansas,city,Core,Kansas City,152933,39.11417,-94.62746,/{segment}/ks/kansas-city/,pop>=50k;top10-in-state
KS,Kansas,city,Core,Olathe,134305,38.8814,-94.81913,/{segment}/ks/olathe/,pop>=50k;top10-in-state
KS,Kansas,city,Core,Topeka,125963,39.04833,-95.67804,/{segment}/ks/topeka/,pop>=50k;top10-in-state
KS,Kansas,city,Core,Lawrence,93917,38.97167,-95.23525,/{segment}/ks/lawrence/,pop>=50k;top10-in-state
KS,Kansas,city,Core,Shawnee,65046,39.04167,-94.72024,/{segment}/ks/shawnee/,pop>=50k;top10-in-state
KS,Kansas,city,Core,Manhattan,56308,39.18361,-96.57167,/{segment}/ks/manhattan/,pop>=50k;top10-in-state
KS,Kansas,city,Core,Lenexa,52490,38.95362,-94.73357,/{segment}/ks/lenexa/,pop>=50k;top10-in-state
KS,Kansas,city,Extended,Salina,47813,38.84028,-97.61142,/{segment}/ks/salina/,top10-in-state
KS,Kansas,city,Extended,Hutchinson,41569,38.06084,-97.92977,/{segment}/ks/hutchinson/,tier1-corridor-state
KS,Kansas,city,Extended,Leavenworth,35980,39.31111,-94.92246,/{segment}/ks/leavenworth/,tier1-corridor-state
KS,Kansas,city,Extended,Leawood,34579,38.96667,-94.6169,/{segment}/ks/leawood/,tier1-corridor-state
KS,Kansas,city,Extended,Dodge City,27912,37.7528,-100.01708,/{segment}/ks/dodge-city/,tier1-corridor-state
KS,Kansas,city,Extended,Garden City,27005,37.97169,-100.87266,/{segment}/ks/garden-city/,tier1-corridor-state
KS,Kansas,corridor,Core,I-35 (Kansas),,,,/{segment}/corridors/i-35/ks/,tier1-freight-corridor; full-exit-coverage
KS,Kansas,corridor,Core,I-70 (Kansas),,,,/{segment}/corridors/i-70/ks/,tier1-freight-corridor; full-exit-coverage
KY,Kentucky,city,Core,Louisville,624444,38.25424,-85.75941,/{segment}/ky/louisville/,pop>=50k;top10-in-state
KY,Kentucky,city,Core,Lexington,320347,37.98869,-84.47772,/{segment}/ky/lexington/,pop>=50k;top10-in-state
KY,Kentucky,city,Core,Lexington-Fayette,314488,38.0498,-84.45855,/{segment}/ky/lexington-fayette/,pop>=50k;top10-in-state
KY,Kentucky,city,Core,Ironville,288649,38.45647,-82.69238,/{segment}/ky/ironville/,pop>=50k;top10-in-state
KY,Kentucky,city,Core,Meads,288649,38.41258,-82.70905,/{segment}/ky/meads/,pop>=50k;top10-in-state
KY,Kentucky,city,Core,Bowling Green,63616,36.99032,-86.4436,/{segment}/ky/bowling-green/,pop>=50k;top10-in-state
KY,Kentucky,city,Core,Owensboro,59042,37.77422,-87.11333,/{segment}/ky/owensboro/,pop>=50k;top10-in-state
KY,Kentucky,city,Extended,Covington,40997,39.08367,-84.50855,/{segment}/ky/covington/,top10-in-state
KY,Kentucky,city,Extended,Richmond,33533,37.74786,-84.29465,/{segment}/ky/richmond/,top10-in-state
KY,Kentucky,city,Extended,Georgetown,32356,38.2098,-84.55883,/{segment}/ky/georgetown/,top10-in-state
KY,Kentucky,city,Extended,Florence,32227,38.99895,-84.62661,/{segment}/ky/florence/,tier1-corridor-state
KY,Kentucky,city,Extended,Hopkinsville,32205,36.86561,-87.49117,/{segment}/ky/hopkinsville/,tier1-corridor-state
KY,Kentucky,city,Extended,Nicholasville,29754,37.88063,-84.573,/{segment}/ky/nicholasville/,tier1-corridor-state
KY,Kentucky,city,Extended,Elizabethtown,29678,37.69395,-85.85913,/{segment}/ky/elizabethtown/,tier1-corridor-state
KY,Kentucky,city,Extended,Henderson,28890,37.83615,-87.59001,/{segment}/ky/henderson/,tier1-corridor-state
KY,Kentucky,city,Extended,Frankfort,28391,38.20091,-84.87328,/{segment}/ky/frankfort/,tier1-corridor-state
KY,Kentucky,city,Extended,Jeffersontown,26946,38.19424,-85.5644,/{segment}/ky/jeffersontown/,tier1-corridor-state
KY,Kentucky,city,Extended,Independence,26819,38.94312,-84.54411,/{segment}/ky/independence/,tier1-corridor-state
KY,Kentucky,city,Extended,Pleasure Ridge Park,25813,38.14535,-85.8583,/{segment}/ky/pleasure-ridge-park/,tier1-corridor-state
KY,Kentucky,city,Extended,Paducah,24864,37.08339,-88.60005,/{segment}/ky/paducah/,tier1-corridor-state
KY,Kentucky,corridor,Extended,I-24 (Kentucky),,,,/{segment}/corridors/i-24/ky/,tier2-freight-corridor; route-page-only
KY,Kentucky,corridor,Extended,I-64 (Kentucky),,,,/{segment}/corridors/i-64/ky/,tier2-freight-corridor; route-page-only
KY,Kentucky,corridor,Extended,I-65 (Kentucky),,,,/{segment}/corridors/i-65/ky/,tier2-freight-corridor; route-page-only
KY,Kentucky,corridor,Extended,I-69 (Kentucky),,,,/{segment}/corridors/i-69/ky/,tier2-freight-corridor; route-page-only
KY,Kentucky,corridor,Extended,I-71 (Kentucky),,,,/{segment}/corridors/i-71/ky/,tier2-freight-corridor; route-page-only
KY,Kentucky,corridor,Core,I-75 (Kentucky),,,,/{segment}/corridors/i-75/ky/,tier1-freight-corridor; full-exit-coverage
LA,Louisiana,city,Core,New Orleans,362701,29.95465,-90.07507,/{segment}/la/new-orleans/,pop>=50k;top10-in-state
LA,Louisiana,city,Core,Baton Rouge,227470,30.44332,-91.18747,/{segment}/la/baton-rouge/,pop>=50k;top10-in-state
LA,Louisiana,city,Core,Shreveport,187593,32.52515,-93.75018,/{segment}/la/shreveport/,pop>=50k;top10-in-state
LA,Louisiana,city,Core,Metairie Terrace,142489,29.97854,-90.16396,/{segment}/la/metairie-terrace/,pop>=50k;top10-in-state
LA,Louisiana,city,Core,Metairie,138481,29.98409,-90.15285,/{segment}/la/metairie/,pop>=50k;top10-in-state
LA,Louisiana,city,Core,Lafayette,121374,30.22409,-92.01984,/{segment}/la/lafayette/,pop>=50k;top10-in-state
LA,Louisiana,city,Core,Lake Charles,76070,30.21309,-93.2044,/{segment}/la/lake-charles/,pop>=50k;top10-in-state
LA,Louisiana,city,Core,Bossier City,68094,32.51599,-93.73212,/{segment}/la/bossier-city/,pop>=50k;top10-in-state
LA,Louisiana,city,Core,Kenner,67091,29.99409,-90.24174,/{segment}/la/kenner/,pop>=50k;top10-in-state
LA,Louisiana,city,Extended,Monroe,49598,32.50931,-92.1193,/{segment}/la/monroe/,top10-in-state
LA,Louisiana,city,Extended,Alexandria,47889,31.31129,-92.44514,/{segment}/la/alexandria/,tier1-corridor-state
LA,Louisiana,city,Extended,Houma,34287,29.59577,-90.71953,/{segment}/la/houma/,tier1-corridor-state
LA,Louisiana,city,Extended,Marrero,33141,29.89937,-90.10035,/{segment}/la/marrero/,tier1-corridor-state
LA,Louisiana,city,Extended,New Iberia,30754,30.00354,-91.81873,/{segment}/la/new-iberia/,tier1-corridor-state
LA,Louisiana,city,Extended,Laplace,29872,30.06698,-90.48147,/{segment}/la/laplace/,tier1-corridor-state
LA,Louisiana,city,Extended,Central,28295,30.55435,-91.03677,/{segment}/la/central/,tier1-corridor-state
LA,Louisiana,city,Extended,Slidell,27942,30.27519,-89.78117,/{segment}/la/slidell/,tier1-corridor-state
LA,Louisiana,city,Extended,Prairieville,26895,30.30297,-90.97205,/{segment}/la/prairieville/,tier1-corridor-state
LA,Louisiana,corridor,Core,I-10 (Louisiana),,,,/{segment}/corridors/i-10/la/,tier1-freight-corridor; full-exit-coverage
LA,Louisiana,corridor,Extended,I-12 (Louisiana),,,,/{segment}/corridors/i-12/la/,tier2-freight-corridor; route-page-only
LA,Louisiana,corridor,Core,I-20 (Louisiana),,,,/{segment}/corridors/i-20/la/,tier1-freight-corridor; full-exit-coverage
LA,Louisiana,corridor,Extended,I-49 (Louisiana),,,,/{segment}/corridors/i-49/la/,tier2-freight-corridor; route-page-only
LA,Louisiana,corridor,Extended,I-55 (Louisiana),,,,/{segment}/corridors/i-55/la/,tier2-freight-corridor; route-page-only
LA,Louisiana,corridor,Extended,I-59 (Louisiana),,,,/{segment}/corridors/i-59/la/,tier2-freight-corridor; route-page-only
MA,Massachusetts,city,Core,Boston,653833,42.35843,-71.05977,/{segment}/ma/boston/,pop>=50k;top10-in-state
MA,Massachusetts,city,Core,South Boston,571281,42.33343,-71.04949,/{segment}/ma/south-boston/,pop>=50k;top10-in-state
MA,Massachusetts,city,Core,Worcester,206518,42.26259,-71.80229,/{segment}/ma/worcester/,pop>=50k;top10-in-state
MA,Massachusetts,city,Core,Springfield,154341,42.10148,-72.58981,/{segment}/ma/springfield/,pop>=50k;top10-in-state
MA,Massachusetts,city,Core,Lowell,110699,42.63342,-71.31617,/{segment}/ma/lowell/,pop>=50k;top10-in-state
MA,Massachusetts,city,Core,Cambridge,110402,42.3751,-71.10561,/{segment}/ma/cambridge/,pop>=50k;top10-in-state
MA,Massachusetts,city,Core,New Bedford,101079,41.63526,-70.92701,/{segment}/ma/new-bedford/,pop>=50k;top10-in-state
MA,Massachusetts,city,Core,Dorchester,97826,42.29732,-71.0745,/{segment}/ma/dorchester/,pop>=50k;top10-in-state
MA,Massachusetts,city,Core,Brockton,95314,42.08343,-71.01838,/{segment}/ma/brockton/,pop>=50k;top10-in-state
MA,Massachusetts,city,Core,Fall River,94000,41.70149,-71.15505,/{segment}/ma/fall-river/,pop>=50k;top10-in-state
MA,Massachusetts,city,Core,Quincy,93618,42.25288,-71.00227,/{segment}/ma/quincy/,pop>=50k
MA,Massachusetts,city,Core,Lynn,92457,42.46676,-70.94949,/{segment}/ma/lynn/,pop>=50k
MA,Massachusetts,city,Core,Newton,88817,42.33704,-71.20922,/{segment}/ma/newton/,pop>=50k
MA,Massachusetts,city,Core,Somerville,80318,42.3876,-71.0995,/{segment}/ma/somerville/,pop>=50k
MA,Massachusetts,city,Core,Lawrence,80231,42.70704,-71.16311,/{segment}/ma/lawrence/,pop>=50k
MA,Massachusetts,city,Core,Framingham,68318,42.27926,-71.41617,/{segment}/ma/framingham/,pop>=50k
MA,Massachusetts,city,Core,Framingham Center,65413,42.29732,-71.43701,/{segment}/ma/framingham-center/,pop>=50k
MA,Massachusetts,city,Core,Waltham,63378,42.37649,-71.23561,/{segment}/ma/waltham/,pop>=50k
MA,Massachusetts,city,Core,Haverhill,62765,42.7762,-71.07728,/{segment}/ma/haverhill/,pop>=50k
MA,Massachusetts,city,Core,Malden,61068,42.4251,-71.06616,/{segment}/ma/malden/,pop>=50k
MA,Massachusetts,city,Core,Brookline,58732,42.33176,-71.12116,/{segment}/ma/brookline/,pop>=50k
MA,Massachusetts,city,Core,Medford,57403,42.41843,-71.10616,/{segment}/ma/medford/,pop>=50k
MA,Massachusetts,city,Core,Taunton,56789,41.9001,-71.08977,/{segment}/ma/taunton/,pop>=50k
MA,Massachusetts,city,Core,Chicopee,56741,42.1487,-72.60787,/{segment}/ma/chicopee/,pop>=50k
MA,Massachusetts,city,Core,North Chicopee,55179,42.18343,-72.59953,/{segment}/ma/north-chicopee/,pop>=50k
MA,Massachusetts,city,Core,Weymouth,54395,42.22093,-70.93977,/{segment}/ma/weymouth/,pop>=50k
MA,Massachusetts,city,Core,Revere,53422,42.40843,-71.01199,/{segment}/ma/revere/,pop>=50k
MA,Massachusetts,city,Core,Peabody,52504,42.52787,-70.92866,/{segment}/ma/peabody/,pop>=50k
MA,Massachusetts,city,Core,Methuen,52044,42.7262,-71.19089,/{segment}/ma/methuen/,pop>=50k
MA,Massachusetts,city,Core,South Peabody,50293,42.50982,-70.94949,/{segment}/ma/south-peabody/,pop>=50k
MA,Massachusetts,city,Extended,Barnstable,47821,41.70011,-70.29947,/{segment}/ma/barnstable/,tier1-corridor-state
MA,Massachusetts,city,Extended,Everett,46050,42.40843,-71.05366,/{segment}/ma/everett/,tier1-corridor-state
MA,Massachusetts,city,Extended,Brighton,45977,42.3501,-71.15644,/{segment}/ma/brighton/,tier1-corridor-state
MA,Massachusetts,city,Extended,Attleboro,44284,41.94454,-71.28561,/{segment}/ma/attleboro/,tier1-corridor-state
MA,Massachusetts,city,Extended,Pittsfield,43303,42.45008,-73.24538,/{segment}/ma/pittsfield/,tier1-corridor-state
MA,Massachusetts,city,Extended,East Boston,43066,42.3751,-71.03922,/{segment}/ma/east-boston/,tier1-corridor-state
MA,Massachusetts,city,Extended,Salem,42869,42.51977,-70.89552,/{segment}/ma/salem/,tier1-corridor-state
MA,Massachusetts,city,Extended,Arlington,42844,42.41537,-71.15644,/{segment}/ma/arlington/,tier1-corridor-state
MA,Massachusetts,city,Extended,Westfield,41690,42.12509,-72.74954,/{segment}/ma/westfield/,tier1-corridor-state
MA,Massachusetts,city,Extended,Leominster,41569,42.52509,-71.75979,/{segment}/ma/leominster/,tier1-corridor-state
MA,Massachusetts,city,Extended,Beverly,41186,42.55843,-70.88005,/{segment}/ma/beverly/,tier1-corridor-state
MA,Massachusetts,city,Extended,Holyoke,40684,42.20426,-72.6162,/{segment}/ma/holyoke/,tier1-corridor-state
MA,Massachusetts,city,Extended,Fitchburg,40545,42.58342,-71.8023,/{segment}/ma/fitchburg/,tier1-corridor-state
MA,Massachusetts,city,Extended,Beverly Cove,40365,42.55343,-70.85366,/{segment}/ma/beverly-cove/,tier1-corridor-state
MA,Massachusetts,city,Extended,Billerica,39904,42.55843,-71.26895,/{segment}/ma/billerica/,tier1-corridor-state
MA,Massachusetts,city,Extended,Amherst,39833,42.36723,-72.51852,/{segment}/ma/amherst/,tier1-corridor-state
MA,Massachusetts,city,Extended,Marlborough,39818,42.34593,-71.55229,/{segment}/ma/marlborough/,tier1-corridor-state
MA,Massachusetts,city,Extended,Woburn,39555,42.47926,-71.15228,/{segment}/ma/woburn/,tier1-corridor-state
MA,Massachusetts,city,Extended,Chelsea,39398,42.39176,-71.03283,/{segment}/ma/chelsea/,tier1-corridor-state
MA,Massachusetts,city,Extended,Fenway/Kenmore,37733,42.34491,-71.10017,/{segment}/ma/fenway-kenmore/,tier1-corridor-state
MA,Massachusetts,city,Extended,Jamaica Plain,37468,42.30982,-71.12033,/{segment}/ma/jamaica-plain/,tier1-corridor-state
MA,Massachusetts,city,Extended,Braintree,37297,42.20384,-71.00215,/{segment}/ma/braintree/,tier1-corridor-state
MA,Massachusetts,city,Extended,Mattapan,36299,42.27232,-71.087,/{segment}/ma/mattapan/,tier1-corridor-state
MA,Massachusetts,city,Extended,Chelmsford,33925,42.59981,-71.36728,/{segment}/ma/chelmsford/,tier1-corridor-state
MA,Massachusetts,city,Extended,Shrewsbury,33893,42.29593,-71.71285,/{segment}/ma/shrewsbury/,tier1-corridor-state
MA,Massachusetts,city,Extended,Natick,32276,42.28343,-71.3495,/{segment}/ma/natick/,tier1-corridor-state
MA,Massachusetts,city,Extended,Randolph,32112,42.1626,-71.04116,/{segment}/ma/randolph/,tier1-corridor-state
MA,Massachusetts,city,Extended,Watertown,31915,42.37093,-71.18283,/{segment}/ma/watertown/,tier1-corridor-state
MA,Massachusetts,city,Extended,Hyde Park,31845,42.25565,-71.1245,/{segment}/ma/hyde-park/,tier1-corridor-state
MA,Massachusetts,city,Extended,Lexington,31394,42.44732,-71.2245,/{segment}/ma/lexington/,tier1-corridor-state
MA,Massachusetts,city,Extended,Franklin,30636,42.08343,-71.39673,/{segment}/ma/franklin/,tier1-corridor-state
MA,Massachusetts,city,Extended,West Roxbury,30442,42.27926,-71.1495,/{segment}/ma/west-roxbury/,tier1-corridor-state
MA,Massachusetts,city,Extended,Ashmont,30000,42.28343,-71.06894,/{segment}/ma/ashmont/,tier1-corridor-state
MA,Massachusetts,city,Extended,Gloucester,29781,42.61405,-70.66313,/{segment}/ma/gloucester/,tier1-corridor-state
MA,Massachusetts,city,Extended,Tewksbury,29326,42.61065,-71.23422,/{segment}/ma/tewksbury/,tier1-corridor-state
MA,Massachusetts,city,Extended,Needham,28886,42.28343,-71.23283,/{segment}/ma/needham/,tier1-corridor-state
MA,Massachusetts,city,Extended,Dracut,28831,42.67037,-71.30201,/{segment}/ma/dracut/,tier1-corridor-state
MA,Massachusetts,city,Extended,Allston,28821,42.35843,-71.12589,/{segment}/ma/allston/,tier1-corridor-state
MA,Massachusetts,city,Extended,Agawam,28761,42.06954,-72.61481,/{segment}/ma/agawam/,tier1-corridor-state
MA,Massachusetts,city,Extended,Norwood,28602,42.19454,-71.1995,/{segment}/ma/norwood/,tier1-corridor-state
MA,Massachusetts,city,Extended,Northampton,28540,42.32509,-72.6412,/{segment}/ma/northampton/,tier1-corridor-state
MA,Massachusetts,city,Extended,North Andover,28222,42.6987,-71.13506,/{segment}/ma/north-andover/,tier1-corridor-state
MA,Massachusetts,city,Extended,Melrose,27997,42.45843,-71.06616,/{segment}/ma/melrose/,tier1-corridor-state
MA,Massachusetts,city,Extended,Wellesley,27982,42.29649,-71.29256,/{segment}/ma/wellesley/,tier1-corridor-state
MA,Massachusetts,city,Extended,West Springfield,27912,42.10704,-72.62037,/{segment}/ma/west-springfield/,tier1-corridor-state
MA,Massachusetts,city,Extended,Roslindale,27683,42.29121,-71.1245,/{segment}/ma/roslindale/,tier1-corridor-state
MA,Massachusetts,city,Extended,Milton,27003,42.24954,-71.06616,/{segment}/ma/milton/,tier1-corridor-state
MA,Massachusetts,city,Extended,Stoughton,26915,42.1251,-71.10227,/{segment}/ma/stoughton/,tier1-corridor-state
MA,Massachusetts,city,Extended,Saugus,26628,42.46482,-71.01005,/{segment}/ma/saugus/,tier1-corridor-state
MA,Massachusetts,city,Extended,Danvers,26493,42.57509,-70.93005,/{segment}/ma/danvers/,tier1-corridor-state
MA,Massachusetts,city,Extended,Yarmouth,25243,41.70567,-70.22863,/{segment}/ma/yarmouth/,tier1-corridor-state
MA,Massachusetts,city,Extended,Milford,25055,42.13982,-71.51617,/{segment}/ma/milford/,tier1-corridor-state
MA,Massachusetts,city,Extended,Wakefield,24932,42.50648,-71.07283,/{segment}/ma/wakefield/,tier1-corridor-state
MA,Massachusetts,corridor,Extended,I-84 (Massachusetts),,,,/{segment}/corridors/i-84/ma/,tier2-freight-corridor; route-page-only
MA,Massachusetts,corridor,Core,I-90 (Massachusetts),,,,/{segment}/corridors/i-90/ma/,tier1-freight-corridor; full-exit-coverage
MA,Massachusetts,corridor,Extended,I-91 (Massachusetts),,,,/{segment}/corridors/i-91/ma/,tier2-freight-corridor; route-page-only
MA,Massachusetts,corridor,Extended,I-93 (Massachusetts),,,,/{segment}/corridors/i-93/ma/,tier2-freight-corridor; route-page-only
MA,Massachusetts,corridor,Core,I-95 (Massachusetts),,,,/{segment}/corridors/i-95/ma/,tier1-freight-corridor; full-exit-coverage
MD,Maryland,city,Core,Baltimore,585708,39.29038,-76.61219,/{segment}/md/baltimore/,pop>=50k;top10-in-state
MD,Maryland,city,Core,Columbia,99615,39.24038,-76.83942,/{segment}/md/columbia/,pop>=50k;top10-in-state
MD,Maryland,city,Core,Germantown,86395,39.17316,-77.27165,/{segment}/md/germantown/,pop>=50k;top10-in-state
MD,Maryland,city,Core,Silver Spring,71452,38.99067,-77.02609,/{segment}/md/silver-spring/,pop>=50k;top10-in-state
MD,Maryland,city,Core,Frederick,69479,39.41427,-77.41054,/{segment}/md/frederick/,pop>=50k;top10-in-state
MD,Maryland,city,Core,Waldorf,67752,38.62456,-76.93914,/{segment}/md/waldorf/,pop>=50k;top10-in-state
MD,Maryland,city,Core,Glen Burnie,67639,39.16261,-76.62469,/{segment}/md/glen-burnie/,pop>=50k;top10-in-state
MD,Maryland,city,Core,Gaithersburg,67456,39.14344,-77.20137,/{segment}/md/gaithersburg/,pop>=50k;top10-in-state
MD,Maryland,city,Core,Rockville,66980,39.084,-77.15276,/{segment}/md/rockville/,pop>=50k;top10-in-state
MD,Maryland,city,Core,Ellicott City,65834,39.26733,-76.79831,/{segment}/md/ellicott-city/,pop>=50k;top10-in-state
MD,Maryland,city,Core,Dundalk,63597,39.25066,-76.52052,/{segment}/md/dundalk/,pop>=50k
MD,Maryland,city,Core,Bethesda,60858,38.98067,-77.10026,/{segment}/md/bethesda/,pop>=50k
MD,Maryland,city,Core,Bowie,58025,38.94278,-76.73028,/{segment}/md/bowie/,pop>=50k
MD,Maryland,city,Core,Towson,55197,39.4015,-76.60191,/{segment}/md/towson/,pop>=50k
MD,Maryland,city,Extended,South Bel Air,48828,39.53316,-76.33746,/{segment}/md/south-bel-air/,tier1-corridor-state
MD,Maryland,city,Extended,Aspen Hill,48759,39.07955,-77.07303,/{segment}/md/aspen-hill/,tier1-corridor-state
MD,Maryland,city,Extended,Wheaton,48284,39.03983,-77.05526,/{segment}/md/wheaton/,tier1-corridor-state
MD,Maryland,city,Extended,Bel Air South,47709,39.50506,-76.31977,/{segment}/md/bel-air-south/,tier1-corridor-state
MD,Maryland,city,Extended,Gwynn Oak,47092,39.33261,-76.69275,/{segment}/md/gwynn-oak/,tier1-corridor-state
MD,Maryland,city,Extended,Potomac,44965,39.01817,-77.20859,/{segment}/md/potomac/,tier1-corridor-state
MD,Maryland,city,Extended,Severn,44231,39.13705,-76.6983,/{segment}/md/severn/,tier1-corridor-state
MD,Maryland,city,Extended,North Bethesda,43828,39.04455,-77.11887,/{segment}/md/north-bethesda/,tier1-corridor-state
MD,Maryland,city,Extended,Catonsville,41567,39.27205,-76.73192,/{segment}/md/catonsville/,tier1-corridor-state
MD,Maryland,city,Extended,Annapolis,40812,38.97859,-76.49184,/{segment}/md/annapolis/,tier1-corridor-state
MD,Maryland,city,Extended,Hagerstown,40432,39.64176,-77.71999,/{segment}/md/hagerstown/,tier1-corridor-state
MD,Maryland,city,Extended,Essex,39262,39.30927,-76.47496,/{segment}/md/essex/,tier1-corridor-state
MD,Maryland,city,Extended,Hanover,38088,39.19289,-76.72414,/{segment}/md/hanover/,tier1-corridor-state
MD,Maryland,city,Extended,Woodlawn,37879,39.32288,-76.72803,/{segment}/md/woodlawn/,tier1-corridor-state
MD,Maryland,city,Extended,Severna Park,37634,39.07039,-76.54524,/{segment}/md/severna-park/,tier1-corridor-state
MD,Maryland,city,Extended,Odenton,37132,39.084,-76.70025,/{segment}/md/odenton/,tier1-corridor-state
MD,Maryland,city,Extended,Saint Charles,36376,38.60317,-76.93858,/{segment}/md/saint-charles/,tier1-corridor-state
MD,Maryland,city,Extended,Clinton,35970,38.76511,-76.89831,/{segment}/md/clinton/,tier1-corridor-state
MD,Maryland,city,Extended,Oxon Hill-Glassmanor,35355,38.79615,-76.97499,/{segment}/md/oxon-hill-glassmanor/,tier1-corridor-state
MD,Maryland,city,Extended,North Bel Air,33925,39.53983,-76.35496,/{segment}/md/north-bel-air/,tier1-corridor-state
MD,Maryland,city,Extended,Olney,33844,39.15316,-77.06692,/{segment}/md/olney/,tier1-corridor-state
MD,Maryland,city,Extended,Suitland-Silver Hill,33515,38.84685,-76.92591,/{segment}/md/suitland-silver-hill/,tier1-corridor-state
MD,Maryland,city,Extended,Chillum,33513,38.96372,-76.99081,/{segment}/md/chillum/,tier1-corridor-state
MD,Maryland,city,Extended,St. Charles,33379,38.60728,-76.92478,/{segment}/md/st-charles/,tier1-corridor-state
MD,Maryland,city,Extended,Salisbury,32899,38.36067,-75.59937,/{segment}/md/salisbury/,tier1-corridor-state
MD,Maryland,city,Extended,Randallstown,32430,39.36733,-76.79525,/{segment}/md/randallstown/,tier1-corridor-state
MD,Maryland,city,Extended,College Park,32301,38.98067,-76.93692,/{segment}/md/college-park/,tier1-corridor-state
MD,Maryland,city,Extended,Montgomery Village,32032,39.17677,-77.19526,/{segment}/md/montgomery-village/,tier1-corridor-state
MD,Maryland,city,Extended,Pikesville,30764,39.37427,-76.72247,/{segment}/md/pikesville/,tier1-corridor-state
MD,Maryland,city,Extended,Parkville,30734,39.37733,-76.53969,/{segment}/md/parkville/,tier1-corridor-state
MD,Maryland,city,Extended,Owings Mills,30622,39.41955,-76.78025,/{segment}/md/owings-mills/,tier1-corridor-state
MD,Maryland,city,Extended,Bel Air North,30568,39.55429,-76.37309,/{segment}/md/bel-air-north/,tier1-corridor-state
MD,Maryland,city,Extended,Eldersburg,30531,39.40371,-76.95026,/{segment}/md/eldersburg/,tier1-corridor-state
MD,Maryland,city,Extended,Carney,29941,39.39427,-76.52358,/{segment}/md/carney/,tier1-corridor-state
MD,Maryland,city,Extended,South Gate,29658,39.129,-76.6258,/{segment}/md/south-gate/,tier1-corridor-state
MD,Maryland,city,Extended,Milford Mill,29042,39.34788,-76.76997,/{segment}/md/milford-mill/,tier1-corridor-state
MD,Maryland,city,Extended,West Elkridge,28734,39.20705,-76.72692,/{segment}/md/west-elkridge/,tier1-corridor-state
MD,Maryland,city,Extended,Perry Hall,28474,39.41261,-76.46357,/{segment}/md/perry-hall/,tier1-corridor-state
MD,Maryland,city,Extended,Crofton,27348,39.00178,-76.68747,/{segment}/md/crofton/,tier1-corridor-state
MD,Maryland,city,Extended,Laurel,26215,39.09928,-76.84831,/{segment}/md/laurel/,tier1-corridor-state
MD,Maryland,city,Extended,South Laurel,26112,39.06983,-76.85025,/{segment}/md/south-laurel/,tier1-corridor-state
MD,Maryland,city,Extended,Reisterstown,25968,39.46976,-76.8319,/{segment}/md/reisterstown/,tier1-corridor-state
MD,Maryland,city,Extended,Suitland,25825,38.84872,-76.92386,/{segment}/md/suitland/,tier1-corridor-state
MD,Maryland,city,Extended,Edgewood,25562,39.41872,-76.2944,/{segment}/md/edgewood/,tier1-corridor-state
MD,Maryland,city,Extended,Lochearn,25333,39.34066,-76.72219,/{segment}/md/lochearn/,tier1-corridor-state
MD,Maryland,city,Extended,Middle River,25191,39.33427,-76.43941,/{segment}/md/middle-river/,tier1-corridor-state
MD,Maryland,corridor,Core,I-70 (Maryland),,,,/{segment}/corridors/i-70/md/,tier1-freight-corridor; full-exit-coverage
MD,Maryland,corridor,Extended,I-81 (Maryland),,,,/{segment}/corridors/i-81/md/,tier2-freight-corridor; route-page-only
MD,Maryland,corridor,Extended,I-83 (Maryland),,,,/{segment}/corridors/i-83/md/,tier2-freight-corridor; route-page-only
MD,Maryland,corridor,Core,I-95 (Maryland),,,,/{segment}/corridors/i-95/md/,tier1-freight-corridor; full-exit-coverage
ME,Maine,city,Core,Portland,66881,43.65737,-70.2589,/{segment}/me/portland/,pop>=50k;top10-in-state
ME,Maine,city,Extended,Lewiston,36202,44.10035,-70.21478,/{segment}/me/lewiston/,top10-in-state
ME,Maine,city,Extended,Bangor,32391,44.79884,-68.77265,/{segment}/me/bangor/,top10-in-state
ME,Maine,city,Extended,West Scarborough,27706,43.57036,-70.38783,/{segment}/me/west-scarborough/,top10-in-state
ME,Maine,city,Extended,South Portland,25556,43.64147,-70.24088,/{segment}/me/south-portland/,top10-in-state
ME,Maine,city,Extended,South Portland Gardens,23893,43.63897,-70.31533,/{segment}/me/south-portland-gardens/,top10-in-state
ME,Maine,corridor,Core,I-95 (Maine),,,,/{segment}/corridors/i-95/me/,tier1-freight-corridor; full-exit-coverage
MI,Michigan,city,Core,Detroit,645705,42.33143,-83.04575,/{segment}/mi/detroit/,pop>=50k;top10-in-state
MI,Michigan,city,Core,Grand Rapids,195097,42.96336,-85.66809,/{segment}/mi/grand-rapids/,pop>=50k;top10-in-state
MI,Michigan,city,Core,Warren,134056,42.49044,-83.01304,/{segment}/mi/warren/,pop>=50k;top10-in-state
MI,Michigan,city,Core,Sterling Heights,132052,42.58031,-83.0302,/{segment}/mi/sterling-heights/,pop>=50k;top10-in-state
MI,Michigan,city,Core,Ann Arbor,117070,42.27756,-83.74088,/{segment}/mi/ann-arbor/,pop>=50k;top10-in-state
MI,Michigan,city,Core,Lansing,112644,42.73253,-84.55553,/{segment}/mi/lansing/,pop>=50k;top10-in-state
MI,Michigan,city,Core,Clinton Township,99753,42.58698,-82.91992,/{segment}/mi/clinton-township/,pop>=50k;top10-in-state
MI,Michigan,city,Core,Flint,98310,43.01253,-83.68746,/{segment}/mi/flint/,pop>=50k;top10-in-state
MI,Michigan,city,Core,Dearborn,95171,42.32226,-83.17631,/{segment}/mi/dearborn/,pop>=50k;top10-in-state
MI,Michigan,city,Core,Livonia,94635,42.36837,-83.35271,/{segment}/mi/livonia/,pop>=50k;top10-in-state
MI,Michigan,city,Core,Canton,86825,42.30865,-83.48216,/{segment}/mi/canton/,pop>=50k
MI,Michigan,city,Core,Troy,83280,42.60559,-83.14993,/{segment}/mi/troy/,pop>=50k
MI,Michigan,city,Core,Westland,82000,42.3242,-83.40021,/{segment}/mi/westland/,pop>=50k
MI,Michigan,city,Core,Farmington Hills,81330,42.48531,-83.37716,/{segment}/mi/farmington-hills/,pop>=50k
MI,Michigan,city,Core,Kalamazoo,76041,42.29171,-85.58723,/{segment}/mi/kalamazoo/,pop>=50k
MI,Michigan,city,Core,Waterford,75737,42.69303,-83.41181,/{segment}/mi/waterford/,pop>=50k
MI,Michigan,city,Core,Wyoming,75275,42.91336,-85.70531,/{segment}/mi/wyoming/,pop>=50k
MI,Michigan,city,Core,Shelby,74099,42.67087,-83.03298,/{segment}/mi/shelby/,pop>=50k
MI,Michigan,city,Core,Rochester Hills,73424,42.65837,-83.14993,/{segment}/mi/rochester-hills/,pop>=50k
MI,Michigan,city,Core,Southfield,73156,42.47337,-83.22187,/{segment}/mi/southfield/,pop>=50k
MI,Michigan,city,Core,West Bloomfield Township,64690,42.56891,-83.38356,/{segment}/mi/west-bloomfield-township/,pop>=50k
MI,Michigan,city,Core,Taylor,61568,42.24087,-83.26965,/{segment}/mi/taylor/,pop>=50k
MI,Michigan,city,Core,Pontiac,59917,42.63892,-83.29105,/{segment}/mi/pontiac/,pop>=50k
MI,Michigan,city,Core,Saint Clair Shores,59715,42.49698,-82.88881,/{segment}/mi/saint-clair-shores/,pop>=50k
MI,Michigan,city,Core,Royal Oak,59008,42.48948,-83.14465,/{segment}/mi/royal-oak/,pop>=50k
MI,Michigan,city,Core,Novi,58723,42.48059,-83.47549,/{segment}/mi/novi/,pop>=50k
MI,Michigan,city,Core,Dearborn Heights,56145,42.33698,-83.27326,/{segment}/mi/dearborn-heights/,pop>=50k
MI,Michigan,city,Core,Battle Creek,51589,42.3173,-85.17816,/{segment}/mi/battle-creek/,pop>=50k
MI,Michigan,city,Core,Kentwood,51357,42.86947,-85.64475,/{segment}/mi/kentwood/,pop>=50k
MI,Michigan,city,Extended,Redford,49936,42.38337,-83.2966,/{segment}/mi/redford/,tier1-corridor-state
MI,Michigan,city,Extended,Saginaw,49347,43.41947,-83.95081,/{segment}/mi/saginaw/,tier1-corridor-state
MI,Michigan,city,Extended,East Lansing,48471,42.73698,-84.48387,/{segment}/mi/east-lansing/,tier1-corridor-state
MI,Michigan,city,Extended,Portage,48177,42.20115,-85.58,/{segment}/mi/portage/,tier1-corridor-state
MI,Michigan,city,Extended,Roseville,47637,42.49726,-82.93714,/{segment}/mi/roseville/,tier1-corridor-state
MI,Michigan,city,Extended,Midland,42200,43.61558,-84.24721,/{segment}/mi/midland/,tier1-corridor-state
MI,Michigan,city,Extended,Muskegon,38401,43.23418,-86.24839,/{segment}/mi/muskegon/,tier1-corridor-state
MI,Michigan,city,Extended,Lincoln Park,37012,42.25059,-83.17854,/{segment}/mi/lincoln-park/,tier1-corridor-state
MI,Michigan,city,Extended,Bay City,33917,43.59447,-83.88886,/{segment}/mi/bay-city/,tier1-corridor-state
MI,Michigan,city,Extended,Holland,33742,42.78752,-86.10893,/{segment}/mi/holland/,tier1-corridor-state
MI,Michigan,city,Extended,Jackson,33133,42.24587,-84.40135,/{segment}/mi/jackson/,tier1-corridor-state
MI,Michigan,city,Extended,Eastpointe,32657,42.46837,-82.95547,/{segment}/mi/eastpointe/,tier1-corridor-state
MI,Michigan,city,Extended,Madison Heights,30198,42.48587,-83.1052,/{segment}/mi/madison-heights/,tier1-corridor-state
MI,Michigan,city,Extended,Oak Park,29752,42.45948,-83.18271,/{segment}/mi/oak-park/,tier1-corridor-state
MI,Michigan,city,Extended,Port Huron,29330,42.97086,-82.42491,/{segment}/mi/port-huron/,tier1-corridor-state
MI,Michigan,city,Extended,Southgate,29293,42.21393,-83.19381,/{segment}/mi/southgate/,tier1-corridor-state
MI,Michigan,city,Extended,Burton,28788,42.99947,-83.61634,/{segment}/mi/burton/,tier1-corridor-state
MI,Michigan,city,Extended,Allen Park,27425,42.25754,-83.21104,/{segment}/mi/allen-park/,tier1-corridor-state
MI,Michigan,city,Extended,Garden City,26920,42.32559,-83.33104,/{segment}/mi/garden-city/,tier1-corridor-state
MI,Michigan,city,Extended,Mount Pleasant,26060,43.59781,-84.76751,/{segment}/mi/mount-pleasant/,tier1-corridor-state
MI,Michigan,city,Extended,Forest Hills,25867,42.95947,-85.48975,/{segment}/mi/forest-hills/,tier1-corridor-state
MI,Michigan,city,Extended,Wyandotte,25156,42.21421,-83.14992,/{segment}/mi/wyandotte/,tier1-corridor-state
MI,Michigan,city,Extended,Saginaw Township North,24994,43.46004,-84.00674,/{segment}/mi/saginaw-township-north/,tier1-corridor-state
MI,Michigan,corridor,Extended,I-69 (Michigan),,,,/{segment}/corridors/i-69/mi/,tier2-freight-corridor; route-page-only
MI,Michigan,corridor,Core,I-75 (Michigan),,,,/{segment}/corridors/i-75/mi/,tier1-freight-corridor; full-exit-coverage
MI,Michigan,corridor,Extended,I-94 (Michigan),,,,/{segment}/corridors/i-94/mi/,tier2-freight-corridor; route-page-only
MI,Michigan,corridor,Extended,I-96 (Michigan),,,,/{segment}/corridors/i-96/mi/,tier2-freight-corridor; route-page-only
MN,Minnesota,city,Core,Minneapolis,410939,44.97997,-93.26384,/{segment}/mn/minneapolis/,pop>=50k;top10-in-state
MN,Minnesota,city,Core,Saint Paul,303176,44.94441,-93.09327,/{segment}/mn/saint-paul/,pop>=50k;top10-in-state
MN,Minnesota,city,Core,Rochester,112225,44.02163,-92.4699,/{segment}/mn/rochester/,pop>=50k;top10-in-state
MN,Minnesota,city,Core,Bloomington,86435,44.8408,-93.29828,/{segment}/mn/bloomington/,pop>=50k;top10-in-state
MN,Minnesota,city,Core,Duluth,86110,46.78327,-92.10658,/{segment}/mn/duluth/,pop>=50k;top10-in-state
MN,Minnesota,city,Core,Brooklyn Park,79149,45.09413,-93.35634,/{segment}/mn/brooklyn-park/,pop>=50k;top10-in-state
MN,Minnesota,city,Core,Plymouth,75907,45.01052,-93.45551,/{segment}/mn/plymouth/,pop>=50k;top10-in-state
MN,Minnesota,city,Core,Maple Grove,68385,45.07246,-93.45579,/{segment}/mn/maple-grove/,pop>=50k;top10-in-state
MN,Minnesota,city,Core,Woodbury,67855,44.92386,-92.95938,/{segment}/mn/woodbury/,pop>=50k;top10-in-state
MN,Minnesota,city,Core,Eagan,66286,44.80413,-93.16689,/{segment}/mn/eagan/,pop>=50k;top10-in-state
MN,Minnesota,city,Core,Saint Cloud,65842,45.5608,-94.16249,/{segment}/mn/saint-cloud/,pop>=50k
MN,Minnesota,city,Core,Eden Prairie,63496,44.85469,-93.47079,/{segment}/mn/eden-prairie/,pop>=50k
MN,Minnesota,city,Core,West Coon Rapids,62528,45.15969,-93.34967,/{segment}/mn/west-coon-rapids/,pop>=50k
MN,Minnesota,city,Core,Coon Rapids,62240,45.11997,-93.28773,/{segment}/mn/coon-rapids/,pop>=50k
MN,Minnesota,city,Core,Blaine,62124,45.1608,-93.23495,/{segment}/mn/blaine/,pop>=50k
MN,Minnesota,city,Core,Burnsville,61481,44.76774,-93.27772,/{segment}/mn/burnsville/,pop>=50k
MN,Minnesota,city,Core,Lakeville,60633,44.64969,-93.24272,/{segment}/mn/lakeville/,pop>=50k
MN,Minnesota,city,Core,Minnetonka,51669,44.9133,-93.50329,/{segment}/mn/minnetonka/,pop>=50k
MN,Minnesota,city,Core,Apple Valley,51221,44.73191,-93.21772,/{segment}/mn/apple-valley/,pop>=50k
MN,Minnesota,city,Core,Edina,50138,44.88969,-93.34995,/{segment}/mn/edina/,pop>=50k
MN,Minnesota,city,Core,Minnetonka Mills,50117,44.94107,-93.4419,/{segment}/mn/minnetonka-mills/,pop>=50k
MN,Minnesota,city,Extended,Saint Louis Park,45250,44.9483,-93.34801,/{segment}/mn/saint-louis-park/,tier1-corridor-state
MN,Minnesota,city,Extended,Moorhead,42005,46.87386,-96.76951,/{segment}/mn/moorhead/,tier1-corridor-state
MN,Minnesota,city,Extended,Mankato,41044,44.15906,-94.00915,/{segment}/mn/mankato/,tier1-corridor-state
MN,Minnesota,city,Extended,Maplewood,40567,44.95302,-92.99522,/{segment}/mn/maplewood/,tier1-corridor-state
MN,Minnesota,city,Extended,Shakopee,39981,44.79802,-93.5269,/{segment}/mn/shakopee/,tier1-corridor-state
MN,Minnesota,city,Extended,Richfield,36216,44.8833,-93.283,/{segment}/mn/richfield/,tier1-corridor-state
MN,Minnesota,city,Extended,Cottage Grove,35918,44.82774,-92.94382,/{segment}/mn/cottage-grove/,tier1-corridor-state
MN,Minnesota,city,Extended,Roseville,35580,45.00608,-93.15661,/{segment}/mn/roseville/,tier1-corridor-state
MN,Minnesota,city,Extended,Inver Grove Heights,34857,44.84802,-93.04272,/{segment}/mn/inver-grove-heights/,tier1-corridor-state
MN,Minnesota,city,Extended,Andover,32213,45.2333,-93.29134,/{segment}/mn/andover/,tier1-corridor-state
MN,Minnesota,city,Extended,Brooklyn Center,30770,45.07608,-93.33273,/{segment}/mn/brooklyn-center/,tier1-corridor-state
MN,Minnesota,city,Extended,Savage,30391,44.77913,-93.33634,/{segment}/mn/savage/,tier1-corridor-state
MN,Minnesota,city,Extended,Oakdale,28080,44.96302,-92.96494,/{segment}/mn/oakdale/,tier1-corridor-state
MN,Minnesota,city,Extended,Fridley,27713,45.08608,-93.26328,/{segment}/mn/fridley/,tier1-corridor-state
MN,Minnesota,city,Extended,Winona,27094,44.04996,-91.63932,/{segment}/mn/winona/,tier1-corridor-state
MN,Minnesota,city,Extended,Shoreview,26477,45.07913,-93.14717,/{segment}/mn/shoreview/,tier1-corridor-state
MN,Minnesota,city,Extended,Ramsey,25828,45.2611,-93.45,/{segment}/mn/ramsey/,tier1-corridor-state
MN,Minnesota,city,Extended,Owatonna,25725,44.08385,-93.22604,/{segment}/mn/owatonna/,tier1-corridor-state
MN,Minnesota,city,Extended,Chanhassen,25332,44.86219,-93.53079,/{segment}/mn/chanhassen/,tier1-corridor-state
MN,Minnesota,city,Extended,Prior Lake,25282,44.7133,-93.42273,/{segment}/mn/prior-lake/,tier1-corridor-state
MN,Minnesota,city,Extended,White Bear Lake,25205,45.08469,-93.00994,/{segment}/mn/white-bear-lake/,tier1-corridor-state
MN,Minnesota,city,Extended,Chaska,25199,44.78941,-93.60218,/{segment}/mn/chaska/,tier1-corridor-state
MN,Minnesota,corridor,Core,I-35 (Minnesota),,,,/{segment}/corridors/i-35/mn/,tier1-freight-corridor; full-exit-coverage
MN,Minnesota,corridor,Core,I-90 (Minnesota),,,,/{segment}/corridors/i-90/mn/,tier1-freight-corridor; full-exit-coverage
MN,Minnesota,corridor,Extended,I-94 (Minnesota),,,,/{segment}/corridors/i-94/mn/,tier2-freight-corridor; route-page-only
MO,Missouri,city,Core,Kansas City,475378,39.09973,-94.57857,/{segment}/mo/kansas-city/,pop>=50k;top10-in-state
MO,Missouri,city,Core,St. Louis,279695,38.62727,-90.19789,/{segment}/mo/st-louis/,pop>=50k;top10-in-state
MO,Missouri,city,Core,Springfield,170188,37.21533,-93.29824,/{segment}/mo/springfield/,pop>=50k;top10-in-state
MO,Missouri,city,Core,Columbia,129330,38.95171,-92.33407,/{segment}/mo/columbia/,pop>=50k;top10-in-state
MO,Missouri,city,Core,Independence,117255,39.09112,-94.41551,/{segment}/mo/independence/,pop>=50k;top10-in-state
MO,Missouri,city,Core,East Independence,110675,39.09556,-94.35523,/{segment}/mo/east-independence/,pop>=50k;top10-in-state
MO,Missouri,city,Core,Lee's Summit,95094,38.91084,-94.38217,/{segment}/mo/lees-summit/,pop>=50k;top10-in-state
MO,Missouri,city,Core,O'Fallon,85040,38.81061,-90.69985,/{segment}/mo/ofallon/,pop>=50k;top10-in-state
MO,Missouri,city,Core,Saint Joseph,76780,39.76861,-94.84663,/{segment}/mo/saint-joseph/,pop>=50k;top10-in-state
MO,Missouri,city,Core,Saint Charles,65794,38.78394,-90.48123,/{segment}/mo/saint-charles/,pop>=50k;top10-in-state
MO,Missouri,city,Core,Blue Springs,54148,39.01695,-94.28161,/{segment}/mo/blue-springs/,pop>=50k
MO,Missouri,city,Core,Saint Peters,52575,38.80033,-90.62651,/{segment}/mo/saint-peters/,pop>=50k
MO,Missouri,city,Core,Florissant,52268,38.78922,-90.32261,/{segment}/mo/florissant/,pop>=50k
MO,Missouri,city,Core,Joplin,51818,37.08423,-94.51328,/{segment}/mo/joplin/,pop>=50k
MO,Missouri,city,Extended,Chesterfield,47864,38.66311,-90.57707,/{segment}/mo/chesterfield/,tier1-corridor-state
MO,Missouri,city,Extended,Jefferson City,42595,38.5767,-92.17352,/{segment}/mo/jefferson-city/,tier1-corridor-state
MO,Missouri,city,Extended,Cape Girardeau,39462,37.30588,-89.51815,/{segment}/mo/cape-girardeau/,tier1-corridor-state
MO,Missouri,city,Extended,Oakville,36143,38.47005,-90.30456,/{segment}/mo/oakville/,tier1-corridor-state
MO,Missouri,city,Extended,Wildwood,35899,38.58283,-90.6629,/{segment}/mo/wildwood/,tier1-corridor-state
MO,Missouri,city,Extended,Wentzville,35603,38.81144,-90.85291,/{segment}/mo/wentzville/,tier1-corridor-state
MO,Missouri,city,Extended,University City,35058,38.65588,-90.30928,/{segment}/mo/university-city/,tier1-corridor-state
MO,Missouri,city,Extended,Ballwin,30577,38.59505,-90.54623,/{segment}/mo/ballwin/,tier1-corridor-state
MO,Missouri,city,Extended,Liberty,30450,39.24611,-94.41912,/{segment}/mo/liberty/,tier1-corridor-state
MO,Missouri,city,Extended,Raytown,29401,39.00862,-94.46356,/{segment}/mo/raytown/,tier1-corridor-state
MO,Missouri,city,Extended,Mehlville,28380,38.50839,-90.32289,/{segment}/mo/mehlville/,tier1-corridor-state
MO,Missouri,city,Extended,Kirkwood,27750,38.58339,-90.40678,/{segment}/mo/kirkwood/,tier1-corridor-state
MO,Missouri,city,Extended,Maryland Heights,27389,38.71311,-90.42984,/{segment}/mo/maryland-heights/,tier1-corridor-state
MO,Missouri,city,Extended,Gladstone,26861,39.20389,-94.55468,/{segment}/mo/gladstone/,tier1-corridor-state
MO,Missouri,city,Extended,Hazelwood,25661,38.77144,-90.37095,/{segment}/mo/hazelwood/,tier1-corridor-state
MO,Missouri,city,Extended,Grandview,25256,38.88584,-94.53301,/{segment}/mo/grandview/,tier1-corridor-state
MO,Missouri,corridor,Extended,I-29 (Missouri),,,,/{segment}/corridors/i-29/mo/,tier2-freight-corridor; route-page-only
MO,Missouri,corridor,Core,I-35 (Missouri),,,,/{segment}/corridors/i-35/mo/,tier1-freight-corridor; full-exit-coverage
MO,Missouri,corridor,Extended,I-44 (Missouri),,,,/{segment}/corridors/i-44/mo/,tier2-freight-corridor; route-page-only
MO,Missouri,corridor,Extended,I-49 (Missouri),,,,/{segment}/corridors/i-49/mo/,tier2-freight-corridor; route-page-only
MO,Missouri,corridor,Extended,I-55 (Missouri),,,,/{segment}/corridors/i-55/mo/,tier2-freight-corridor; route-page-only
MO,Missouri,corridor,Extended,I-57 (Missouri),,,,/{segment}/corridors/i-57/mo/,tier2-freight-corridor; route-page-only
MO,Missouri,corridor,Extended,I-64 (Missouri),,,,/{segment}/corridors/i-64/mo/,tier2-freight-corridor; route-page-only
MO,Missouri,corridor,Core,I-70 (Missouri),,,,/{segment}/corridors/i-70/mo/,tier1-freight-corridor; full-exit-coverage
MO,Missouri,corridor,Extended,I-72 (Missouri),,,,/{segment}/corridors/i-72/mo/,tier2-freight-corridor; route-page-only
MS,Mississippi,city,Core,Jackson,153701,32.29876,-90.18481,/{segment}/ms/jackson/,pop>=50k;top10-in-state
MS,Mississippi,city,Core,Gulfport,71856,30.36742,-89.09282,/{segment}/ms/gulfport/,pop>=50k;top10-in-state
MS,Mississippi,city,Core,West Gulfport,71329,30.40409,-89.0942,/{segment}/ms/west-gulfport/,pop>=50k;top10-in-state
MS,Mississippi,city,Core,Southaven,52589,34.98898,-90.01259,/{segment}/ms/southaven/,pop>=50k;top10-in-state
MS,Mississippi,city,Extended,Hattiesburg,46805,31.32712,-89.29034,/{segment}/ms/hattiesburg/,top10-in-state
MS,Mississippi,city,Extended,Biloxi,45637,30.39603,-88.88531,/{segment}/ms/biloxi/,top10-in-state
MS,Mississippi,city,Extended,Meridian,39661,32.36431,-88.70366,/{segment}/ms/meridian/,top10-in-state
MS,Mississippi,city,Extended,Olive Branch,36010,34.96176,-89.82953,/{segment}/ms/olive-branch/,top10-in-state
MS,Mississippi,city,Extended,Tupelo,35680,34.25807,-88.70464,/{segment}/ms/tupelo/,top10-in-state
MS,Mississippi,city,Extended,Greenville,32156,33.40898,-91.05978,/{segment}/ms/greenville/,top10-in-state
MS,Mississippi,city,Extended,Horn Lake,26915,34.95537,-90.03481,/{segment}/ms/horn-lake/,tier1-corridor-state
MS,Mississippi,city,Extended,Pearl,26462,32.27459,-90.13203,/{segment}/ms/pearl/,tier1-corridor-state
MS,Mississippi,city,Extended,Madison,25799,32.46181,-90.11536,/{segment}/ms/madison/,tier1-corridor-state
MS,Mississippi,city,Extended,Starkville,25366,33.45049,-88.81961,/{segment}/ms/starkville/,tier1-corridor-state
MS,Mississippi,city,Extended,Clinton,25254,32.34153,-90.32176,/{segment}/ms/clinton/,tier1-corridor-state
MS,Mississippi,corridor,Core,I-10 (Mississippi),,,,/{segment}/corridors/i-10/ms/,tier1-freight-corridor; full-exit-coverage
MS,Mississippi,corridor,Core,I-20 (Mississippi),,,,/{segment}/corridors/i-20/ms/,tier1-freight-corridor; full-exit-coverage
MS,Mississippi,corridor,Extended,I-55 (Mississippi),,,,/{segment}/corridors/i-55/ms/,tier2-freight-corridor; route-page-only
MS,Mississippi,corridor,Extended,I-59 (Mississippi),,,,/{segment}/corridors/i-59/ms/,tier2-freight-corridor; route-page-only
MS,Mississippi,corridor,Extended,I-69 (Mississippi),,,,/{segment}/corridors/i-69/ms/,tier2-freight-corridor; route-page-only
MT,Montana,city,Core,Billings,117116,45.78329,-108.50069,/{segment}/mt/billings/,pop>=50k;top10-in-state
MT,Montana,city,Core,Missoula,71022,46.87215,-113.994,/{segment}/mt/missoula/,pop>=50k;top10-in-state
MT,Montana,city,Core,Great Falls,59638,47.50024,-111.30081,/{segment}/mt/great-falls/,pop>=50k;top10-in-state
MT,Montana,city,Extended,Bozeman,43405,45.67965,-111.03856,/{segment}/mt/bozeman/,top10-in-state
MT,Montana,city,Extended,Butte,34190,46.00382,-112.53474,/{segment}/mt/butte/,top10-in-state
MT,Montana,city,Extended,Helena,32091,46.59271,-112.03611,/{segment}/mt/helena/,top10-in-state
MT,Montana,city,Extended,Kalispell,22052,48.19579,-114.31291,/{segment}/mt/kalispell/,top10-in-state
MT,Montana,corridor,Core,I-15 (Montana),,,,/{segment}/corridors/i-15/mt/,tier1-freight-corridor; full-exit-coverage
MT,Montana,corridor,Core,I-90 (Montana),,,,/{segment}/corridors/i-90/mt/,tier1-freight-corridor; full-exit-coverage
MT,Montana,corridor,Extended,I-94 (Montana),,,,/{segment}/corridors/i-94/mt/,tier2-freight-corridor; route-page-only
NC,North Carolina,city,Core,Charlotte,911311,35.22709,-80.84313,/{segment}/nc/charlotte/,pop>=50k;top10-in-state
NC,North Carolina,city,Core,Raleigh,482295,35.7721,-78.63861,/{segment}/nc/raleigh/,pop>=50k;top10-in-state
NC,North Carolina,city,Core,West Raleigh,338759,35.78682,-78.66389,/{segment}/nc/west-raleigh/,pop>=50k;top10-in-state
NC,North Carolina,city,Core,Greensboro,285342,36.07264,-79.79198,/{segment}/nc/greensboro/,pop>=50k;top10-in-state
NC,North Carolina,city,Core,Durham,257636,35.99403,-78.89862,/{segment}/nc/durham/,pop>=50k;top10-in-state
NC,North Carolina,city,Core,Winston-Salem,241218,36.09986,-80.24422,/{segment}/nc/winston-salem/,pop>=50k;top10-in-state
NC,North Carolina,city,Core,Fayetteville,201963,35.05266,-78.87836,/{segment}/nc/fayetteville/,pop>=50k;top10-in-state
NC,North Carolina,city,Core,Cary,159769,35.79154,-78.78112,/{segment}/nc/cary/,pop>=50k;top10-in-state
NC,North Carolina,city,Core,Wilmington,115933,34.23556,-77.94604,/{segment}/nc/wilmington/,pop>=50k;top10-in-state
NC,North Carolina,city,Core,High Point,110268,35.95569,-80.00532,/{segment}/nc/high-point/,pop>=50k;top10-in-state
NC,North Carolina,city,Core,Asheville,95056,35.60095,-82.55402,/{segment}/nc/asheville/,pop>=50k
NC,North Carolina,city,Core,Greenville,90597,35.61266,-77.36635,/{segment}/nc/greenville/,pop>=50k
NC,North Carolina,city,Core,Concord,87696,35.40888,-80.58158,/{segment}/nc/concord/,pop>=50k
NC,North Carolina,city,Core,Gastonia,74543,35.26208,-81.1873,/{segment}/nc/gastonia/,pop>=50k
NC,North Carolina,city,Core,Jacksonville,67357,34.75405,-77.43024,/{segment}/nc/jacksonville/,pop>=50k
NC,North Carolina,city,Core,Chapel Hill,59568,35.9132,-79.05584,/{segment}/nc/chapel-hill/,pop>=50k
NC,North Carolina,city,Core,Rocky Mount,55806,35.93821,-77.79053,/{segment}/nc/rocky-mount/,pop>=50k
NC,North Carolina,city,Core,Huntersville,52704,35.41069,-80.84285,/{segment}/nc/huntersville/,pop>=50k
NC,North Carolina,city,Core,Burlington,52472,36.09569,-79.4378,/{segment}/nc/burlington/,pop>=50k
NC,North Carolina,city,Extended,Wilson,49643,35.72127,-77.91554,/{segment}/nc/wilson/,tier1-corridor-state
NC,North Carolina,city,Extended,Kannapolis,46144,35.48736,-80.62173,/{segment}/nc/kannapolis/,tier1-corridor-state
NC,North Carolina,city,Extended,Apex,45585,35.73265,-78.85029,/{segment}/nc/apex/,tier1-corridor-state
NC,North Carolina,city,Extended,Hickory,40374,35.73319,-81.3412,/{segment}/nc/hickory/,tier1-corridor-state
NC,North Carolina,city,Extended,Wake Forest,38199,35.97987,-78.50972,/{segment}/nc/wake-forest/,tier1-corridor-state
NC,North Carolina,city,Extended,Indian Trail,37073,35.07681,-80.66924,/{segment}/nc/indian-trail/,tier1-corridor-state
NC,North Carolina,city,Extended,Mooresville,36009,35.58486,-80.81007,/{segment}/nc/mooresville/,tier1-corridor-state
NC,North Carolina,city,Extended,Goldsboro,35826,35.38488,-77.99277,/{segment}/nc/goldsboro/,tier1-corridor-state
NC,North Carolina,city,Extended,Monroe,34623,34.98543,-80.54951,/{segment}/nc/monroe/,tier1-corridor-state
NC,North Carolina,city,Extended,Salisbury,34017,35.67097,-80.47423,/{segment}/nc/salisbury/,tier1-corridor-state
NC,North Carolina,city,Extended,Holly Springs,31377,35.65127,-78.83362,/{segment}/nc/holly-springs/,tier1-corridor-state
NC,North Carolina,city,Extended,Matthews,30678,35.11681,-80.72368,/{segment}/nc/matthews/,tier1-corridor-state
NC,North Carolina,city,Extended,New Bern,30070,35.10849,-77.04411,/{segment}/nc/new-bern/,tier1-corridor-state
NC,North Carolina,city,Extended,Fort Bragg,29183,35.139,-79.00603,/{segment}/nc/fort-bragg/,tier1-corridor-state
NC,North Carolina,city,Extended,Sanford,29144,35.47988,-79.1803,/{segment}/nc/sanford/,tier1-corridor-state
NC,North Carolina,city,Extended,Cornelius,28092,35.4868,-80.86007,/{segment}/nc/cornelius/,tier1-corridor-state
NC,North Carolina,city,Extended,Garner,28053,35.71126,-78.61417,/{segment}/nc/garner/,tier1-corridor-state
NC,North Carolina,city,Extended,Thomasville,27061,35.88264,-80.08199,/{segment}/nc/thomasville/,tier1-corridor-state
NC,North Carolina,city,Extended,Statesville,26221,35.78264,-80.8873,/{segment}/nc/statesville/,tier1-corridor-state
NC,North Carolina,city,Extended,Asheboro,26103,35.70791,-79.81364,/{segment}/nc/asheboro/,tier1-corridor-state
NC,North Carolina,city,Extended,Mint Hill,25627,35.17959,-80.64729,/{segment}/nc/mint-hill/,tier1-corridor-state
NC,North Carolina,corridor,Extended,I-26 (North Carolina),,,,/{segment}/corridors/i-26/nc/,tier2-freight-corridor; route-page-only
NC,North Carolina,corridor,Core,I-40 (North Carolina),,,,/{segment}/corridors/i-40/nc/,tier1-freight-corridor; full-exit-coverage
NC,North Carolina,corridor,Extended,I-77 (North Carolina),,,,/{segment}/corridors/i-77/nc/,tier2-freight-corridor; route-page-only
NC,North Carolina,corridor,Core,I-85 (North Carolina),,,,/{segment}/corridors/i-85/nc/,tier1-freight-corridor; full-exit-coverage
NC,North Carolina,corridor,Core,I-95 (North Carolina),,,,/{segment}/corridors/i-95/nc/,tier1-freight-corridor; full-exit-coverage
ND,North Dakota,city,Core,Fargo,118523,46.87719,-96.7898,/{segment}/nd/fargo/,pop>=50k;top10-in-state
ND,North Dakota,city,Core,Bismarck,75092,46.80833,-100.78374,/{segment}/nd/bismarck/,pop>=50k;top10-in-state
ND,North Dakota,city,Core,Grand Forks,57011,47.92526,-97.03285,/{segment}/nd/grand-forks/,pop>=50k;top10-in-state
ND,North Dakota,city,Extended,Minot,49450,48.23251,-101.29627,/{segment}/nd/minot/,top10-in-state
ND,North Dakota,city,Extended,West Fargo,33597,46.87497,-96.90036,/{segment}/nd/west-fargo/,top10-in-state
ND,North Dakota,city,Extended,Williston,26977,48.14697,-103.61797,/{segment}/nd/williston/,top10-in-state
ND,North Dakota,city,Extended,Dickinson,23765,46.87918,-102.78962,/{segment}/nd/dickinson/,top10-in-state
ND,North Dakota,city,Extended,Mandan,21382,46.82666,-100.88958,/{segment}/nd/mandan/,top10-in-state
ND,North Dakota,corridor,Extended,I-29 (North Dakota),,,,/{segment}/corridors/i-29/nd/,tier2-freight-corridor; route-page-only
ND,North Dakota,corridor,Extended,I-94 (North Dakota),,,,/{segment}/corridors/i-94/nd/,tier2-freight-corridor; route-page-only
NE,Nebraska,city,Core,Omaha,486051,41.25626,-95.94043,/{segment}/ne/omaha/,pop>=50k;top10-in-state
NE,Nebraska,city,Core,Lincoln,294757,40.8,-96.66696,/{segment}/ne/lincoln/,pop>=50k;top10-in-state
NE,Nebraska,city,Core,Bellevue,55510,41.13667,-95.89084,/{segment}/ne/bellevue/,pop>=50k;top10-in-state
NE,Nebraska,city,Core,Grand Island,51440,40.92501,-98.34201,/{segment}/ne/grand-island/,pop>=50k;top10-in-state
NE,Nebraska,city,Extended,Kearney,33021,40.69946,-99.08148,/{segment}/ne/kearney/,top10-in-state
NE,Nebraska,city,Extended,Fremont,26474,41.43333,-96.49808,/{segment}/ne/fremont/,top10-in-state
NE,Nebraska,city,Extended,Hastings,24924,40.58612,-98.38839,/{segment}/ne/hastings/,top10-in-state
NE,Nebraska,city,Extended,Norfolk,24366,42.02834,-97.417,/{segment}/ne/norfolk/,top10-in-state
NE,Nebraska,city,Extended,North Platte,24194,41.12389,-100.76542,/{segment}/ne/north-platte/,top10-in-state
NE,Nebraska,corridor,Extended,I-76 (Nebraska),,,,/{segment}/corridors/i-76/ne/,tier2-freight-corridor; route-page-only
NE,Nebraska,corridor,Core,I-80 (Nebraska),,,,/{segment}/corridors/i-80/ne/,tier1-freight-corridor; full-exit-coverage
NH,New Hampshire,city,Core,Manchester,110229,42.99564,-71.45479,/{segment}/nh/manchester/,pop>=50k;top10-in-state
NH,New Hampshire,city,Core,Nashua,87970,42.76537,-71.46757,/{segment}/nh/nashua/,pop>=50k;top10-in-state
NH,New Hampshire,city,Extended,Concord,43976,43.20814,-71.53757,/{segment}/nh/concord/,top10-in-state
NH,New Hampshire,city,Extended,East Concord,42605,43.24202,-71.53813,/{segment}/nh/east-concord/,top10-in-state
NH,New Hampshire,city,Extended,Derry Village,34539,42.89175,-71.31201,/{segment}/nh/derry-village/,top10-in-state
NH,New Hampshire,city,Extended,Dover,30880,43.19786,-70.87367,/{segment}/nh/dover/,top10-in-state
NH,New Hampshire,city,Extended,Rochester,30038,43.30453,-70.97562,/{segment}/nh/rochester/,top10-in-state
NH,New Hampshire,city,Extended,Salem,29549,42.78842,-71.20089,/{segment}/nh/salem/,top10-in-state
NH,New Hampshire,city,Extended,Merrimack,26726,42.86509,-71.4934,/{segment}/nh/merrimack/,top10-in-state
NH,New Hampshire,corridor,Extended,I-89 (New Hampshire),,,,/{segment}/corridors/i-89/nh/,tier2-freight-corridor; route-page-only
NH,New Hampshire,corridor,Extended,I-91 (New Hampshire),,,,/{segment}/corridors/i-91/nh/,tier2-freight-corridor; route-page-only
NH,New Hampshire,corridor,Extended,I-93 (New Hampshire),,,,/{segment}/corridors/i-93/nh/,tier2-freight-corridor; route-page-only
NH,New Hampshire,corridor,Core,I-95 (New Hampshire),,,,/{segment}/corridors/i-95/nh/,tier1-freight-corridor; full-exit-coverage
NJ,New Jersey,city,Core,Newark,281944,40.73566,-74.17237,/{segment}/nj/newark/,pop>=50k;top10-in-state
NJ,New Jersey,city,Core,Jersey City,264290,40.72816,-74.07764,/{segment}/nj/jersey-city/,pop>=50k;top10-in-state
NJ,New Jersey,city,Core,Paterson,147754,40.91677,-74.17181,/{segment}/nj/paterson/,pop>=50k;top10-in-state
NJ,New Jersey,city,Core,Elizabeth,129007,40.66399,-74.2107,/{segment}/nj/elizabeth/,pop>=50k;top10-in-state
NJ,New Jersey,city,Core,Edison,102548,40.51872,-74.4121,/{segment}/nj/edison/,pop>=50k;top10-in-state
NJ,New Jersey,city,Core,Trenton,89620,40.21705,-74.74294,/{segment}/nj/trenton/,pop>=50k;top10-in-state
NJ,New Jersey,city,Core,Toms River,88791,39.95373,-74.19792,/{segment}/nj/toms-river/,pop>=50k;top10-in-state
NJ,New Jersey,city,Core,Clifton,86334,40.85843,-74.16376,/{segment}/nj/clifton/,pop>=50k;top10-in-state
NJ,New Jersey,city,Core,Camden,76119,39.92595,-75.11962,/{segment}/nj/camden/,pop>=50k;top10-in-state
NJ,New Jersey,city,Core,Passaic,71085,40.85677,-74.12848,/{segment}/nj/passaic/,pop>=50k;top10-in-state
NJ,New Jersey,city,Core,Cherry Hill,70475,39.93484,-75.03073,/{segment}/nj/cherry-hill/,pop>=50k
NJ,New Jersey,city,Core,Union City,69156,40.77955,-74.02375,/{segment}/nj/union-city/,pop>=50k
NJ,New Jersey,city,Core,Bayonne,66311,40.66871,-74.11431,/{segment}/nj/bayonne/,pop>=50k
NJ,New Jersey,city,Core,Middletown,65490,40.39428,-74.11709,/{segment}/nj/middletown/,pop>=50k
NJ,New Jersey,city,Core,East Orange,64949,40.76732,-74.20487,/{segment}/nj/east-orange/,pop>=50k
NJ,New Jersey,city,Core,North Bergen,63484,40.80427,-74.01208,/{segment}/nj/north-bergen/,pop>=50k
NJ,New Jersey,city,Core,Irvington,61323,40.73232,-74.23487,/{segment}/nj/irvington/,pop>=50k
NJ,New Jersey,city,Core,Vineland,60818,39.48623,-75.02573,/{segment}/nj/vineland/,pop>=50k
NJ,New Jersey,city,Core,South Vineland,58122,39.44595,-75.02879,/{segment}/nj/south-vineland/,pop>=50k
NJ,New Jersey,city,Core,Wayne,57915,40.92538,-74.27654,/{segment}/nj/wayne/,pop>=50k
NJ,New Jersey,city,Core,New Brunswick,57035,40.48622,-74.45182,/{segment}/nj/new-brunswick/,pop>=50k
NJ,New Jersey,city,Core,Union,56771,40.6976,-74.2632,/{segment}/nj/union/,pop>=50k
NJ,New Jersey,city,Core,Piscataway,56044,40.49927,-74.39904,/{segment}/nj/piscataway/,pop>=50k
NJ,New Jersey,city,Core,Jackson,54856,39.7765,-74.86238,/{segment}/nj/jackson/,pop>=50k
NJ,New Jersey,city,Core,Lakewood,53805,40.09789,-74.21764,/{segment}/nj/lakewood/,pop>=50k
NJ,New Jersey,city,Core,Hoboken,53635,40.74399,-74.03236,/{segment}/nj/hoboken/,pop>=50k
NJ,New Jersey,city,Core,West New York,53366,40.78788,-74.01431,/{segment}/nj/west-new-york/,pop>=50k
NJ,New Jersey,city,Core,Perth Amboy,52682,40.50677,-74.26542,/{segment}/nj/perth-amboy/,pop>=50k
NJ,New Jersey,city,Core,Plainfield,51217,40.63371,-74.40737,/{segment}/nj/plainfield/,pop>=50k
NJ,New Jersey,city,Core,Parsippany,51144,40.85788,-74.42599,/{segment}/nj/parsippany/,pop>=50k
NJ,New Jersey,city,Extended,Bloomfield,49120,40.80677,-74.18542,/{segment}/nj/bloomfield/,tier1-corridor-state
NJ,New Jersey,city,Extended,East Brunswick,48495,40.42788,-74.41598,/{segment}/nj/east-brunswick/,tier1-corridor-state
NJ,New Jersey,city,Extended,West Orange,48131,40.79871,-74.23904,/{segment}/nj/west-orange/,tier1-corridor-state
NJ,New Jersey,city,Extended,Sayreville,44920,40.45927,-74.36098,/{segment}/nj/sayreville/,tier1-corridor-state
NJ,New Jersey,city,Extended,Hackensack,44834,40.88593,-74.04347,/{segment}/nj/hackensack/,tier1-corridor-state
NJ,New Jersey,city,Extended,Bridgewater,44464,40.60079,-74.64815,/{segment}/nj/bridgewater/,tier1-corridor-state
NJ,New Jersey,city,Extended,North Brunswick,43905,40.454,-74.482,/{segment}/nj/north-brunswick/,tier1-corridor-state
NJ,New Jersey,city,Extended,Sicklerville,42891,39.71734,-74.96933,/{segment}/nj/sicklerville/,tier1-corridor-state
NJ,New Jersey,city,Extended,Sayreville Junction,42890,40.46538,-74.33043,/{segment}/nj/sayreville-junction/,tier1-corridor-state
NJ,New Jersey,city,Extended,Kearny,42137,40.76843,-74.14542,/{segment}/nj/kearny/,tier1-corridor-state
NJ,New Jersey,city,Extended,Linden,42021,40.62205,-74.24459,/{segment}/nj/linden/,tier1-corridor-state
NJ,New Jersey,city,Extended,Mount Laurel,41864,39.934,-74.891,/{segment}/nj/mount-laurel/,tier1-corridor-state
NJ,New Jersey,city,Extended,Marlboro,40191,40.31539,-74.24626,/{segment}/nj/marlboro/,tier1-corridor-state
NJ,New Jersey,city,Extended,Teaneck,40078,40.8976,-74.01597,/{segment}/nj/teaneck/,tier1-corridor-state
NJ,New Jersey,city,Extended,Montclair,39701,40.82593,-74.20903,/{segment}/nj/montclair/,tier1-corridor-state
NJ,New Jersey,city,Extended,Atlantic City,39260,39.36415,-74.42306,/{segment}/nj/atlantic-city/,tier1-corridor-state
NJ,New Jersey,city,Extended,Hillsborough,38303,40.4776,-74.62682,/{segment}/nj/hillsborough/,tier1-corridor-state
NJ,New Jersey,city,Extended,Sewell,37433,39.7665,-75.14434,/{segment}/nj/sewell/,tier1-corridor-state
NJ,New Jersey,city,Extended,Belleville,36878,40.79371,-74.15014,/{segment}/nj/belleville/,tier1-corridor-state
NJ,New Jersey,city,Extended,Fort Lee,36672,40.85093,-73.97014,/{segment}/nj/fort-lee/,tier1-corridor-state
NJ,New Jersey,city,Extended,Ewing,36559,40.26983,-74.79988,/{segment}/nj/ewing/,tier1-corridor-state
NJ,New Jersey,city,Extended,Pennsauken,36332,39.95622,-75.05795,/{segment}/nj/pennsauken/,tier1-corridor-state
NJ,New Jersey,city,Extended,Orange,34457,40.77066,-74.23265,/{segment}/nj/orange/,tier1-corridor-state
NJ,New Jersey,city,Extended,Fair Lawn,33597,40.94038,-74.13181,/{segment}/nj/fair-lawn/,tier1-corridor-state
NJ,New Jersey,city,Extended,Garfield,31802,40.88149,-74.1132,/{segment}/nj/garfield/,tier1-corridor-state
NJ,New Jersey,city,Extended,Willingboro,31668,40.02789,-74.86905,/{segment}/nj/willingboro/,tier1-corridor-state
NJ,New Jersey,city,Extended,Long Branch,30941,40.30428,-73.99236,/{segment}/nj/long-branch/,tier1-corridor-state
NJ,New Jersey,city,Extended,Westfield,30548,40.65899,-74.34737,/{segment}/nj/westfield/,tier1-corridor-state
NJ,New Jersey,city,Extended,Princeton,29603,40.34872,-74.65905,/{segment}/nj/princeton/,tier1-corridor-state
NJ,New Jersey,city,Extended,Rahway,29508,40.60816,-74.27765,/{segment}/nj/rahway/,tier1-corridor-state
NJ,New Jersey,city,Extended,Englewood,28539,40.89288,-73.97264,/{segment}/nj/englewood/,tier1-corridor-state
NJ,New Jersey,city,Extended,Millville,28230,39.40206,-75.03934,/{segment}/nj/millville/,tier1-corridor-state
NJ,New Jersey,city,Extended,Livingston,27853,40.79593,-74.31487,/{segment}/nj/livingston/,tier1-corridor-state
NJ,New Jersey,city,Extended,Bergenfield,27621,40.9276,-73.99736,/{segment}/nj/bergenfield/,tier1-corridor-state
NJ,New Jersey,city,Extended,Nutley,27572,40.82232,-74.15987,/{segment}/nj/nutley/,tier1-corridor-state
NJ,New Jersey,city,Extended,Paramus,26974,40.94454,-74.07542,/{segment}/nj/paramus/,tier1-corridor-state
NJ,New Jersey,city,Extended,West Milford,26968,41.13121,-74.36737,/{segment}/nj/west-milford/,tier1-corridor-state
NJ,New Jersey,city,Extended,Mercerville-Hamilton Square,26419,40.23126,-74.67223,/{segment}/nj/mercerville-hamilton-square/,tier1-corridor-state
NJ,New Jersey,city,Extended,Randolph,25734,40.84829,-74.58148,/{segment}/nj/randolph/,tier1-corridor-state
NJ,New Jersey,city,Extended,Ridgewood,25621,40.97926,-74.11653,/{segment}/nj/ridgewood/,tier1-corridor-state
NJ,New Jersey,city,Extended,Bridgeton,25031,39.42734,-75.23408,/{segment}/nj/bridgeton/,tier1-corridor-state
NJ,New Jersey,city,Extended,Maplewood,25008,40.73121,-74.27348,/{segment}/nj/maplewood/,tier1-corridor-state
NJ,New Jersey,city,Extended,Cliffside Park,24857,40.82149,-73.98764,/{segment}/nj/cliffside-park/,tier1-corridor-state
NJ,New Jersey,city,Extended,Lodi,24835,40.88232,-74.0832,/{segment}/nj/lodi/,tier1-corridor-state
NJ,New Jersey,corridor,Extended,I-76 (New Jersey),,,,/{segment}/corridors/i-76/nj/,tier2-freight-corridor; route-page-only
NJ,New Jersey,corridor,Extended,I-78 (New Jersey),,,,/{segment}/corridors/i-78/nj/,tier2-freight-corridor; route-page-only
NJ,New Jersey,corridor,Core,I-80 (New Jersey),,,,/{segment}/corridors/i-80/nj/,tier1-freight-corridor; full-exit-coverage
NJ,New Jersey,corridor,Core,I-95 (New Jersey),,,,/{segment}/corridors/i-95/nj/,tier1-freight-corridor; full-exit-coverage
NM,New Mexico,city,Core,Albuquerque,564559,35.08449,-106.65114,/{segment}/nm/albuquerque/,pop>=50k;top10-in-state
NM,New Mexico,city,Core,Las Cruces,101643,32.31232,-106.77834,/{segment}/nm/las-cruces/,pop>=50k;top10-in-state
NM,New Mexico,city,Core,Enchanted Hills,87521,35.33676,-106.59296,/{segment}/nm/enchanted-hills/,pop>=50k;top10-in-state
NM,New Mexico,city,Core,Rio Rancho,87521,35.23338,-106.66447,/{segment}/nm/rio-rancho/,pop>=50k;top10-in-state
NM,New Mexico,city,Core,Santa Fe,87505,35.68698,-105.9378,/{segment}/nm/santa-fe/,pop>=50k;top10-in-state
NM,New Mexico,city,Extended,Roswell,48544,33.39437,-104.52491,/{segment}/nm/roswell/,top10-in-state
NM,New Mexico,city,Extended,Farmington,42871,36.72806,-108.21869,/{segment}/nm/farmington/,top10-in-state
NM,New Mexico,city,Extended,South Valley,40976,35.01005,-106.67808,/{segment}/nm/south-valley/,top10-in-state
NM,New Mexico,city,Extended,Clovis,39480,34.4048,-103.20523,/{segment}/nm/clovis/,top10-in-state
NM,New Mexico,city,Extended,Hobbs,38416,32.70261,-103.13604,/{segment}/nm/hobbs/,top10-in-state
NM,New Mexico,city,Extended,Alamogordo,30753,32.89953,-105.96027,/{segment}/nm/alamogordo/,tier1-corridor-state
NM,New Mexico,city,Extended,Carlsbad,28957,32.42067,-104.22884,/{segment}/nm/carlsbad/,tier1-corridor-state
NM,New Mexico,corridor,Core,I-10 (New Mexico),,,,/{segment}/corridors/i-10/nm/,tier1-freight-corridor; full-exit-coverage
NM,New Mexico,corridor,Core,I-25 (New Mexico),,,,/{segment}/corridors/i-25/nm/,tier1-freight-corridor; full-exit-coverage
NM,New Mexico,corridor,Core,I-40 (New Mexico),,,,/{segment}/corridors/i-40/nm/,tier1-freight-corridor; full-exit-coverage
NV,Nevada,city,Core,Las Vegas,641903,36.17497,-115.13722,/{segment}/nv/las-vegas/,pop>=50k;top10-in-state
NV,Nevada,city,Core,Henderson,285667,36.0397,-114.98194,/{segment}/nv/henderson/,pop>=50k;top10-in-state
NV,Nevada,city,Core,Reno,264165,39.52963,-119.8138,/{segment}/nv/reno/,pop>=50k;top10-in-state
NV,Nevada,city,Core,North Las Vegas,234807,36.19886,-115.1175,/{segment}/nv/north-las-vegas/,pop>=50k;top10-in-state
NV,Nevada,city,Core,Paradise,223167,36.09719,-115.14666,/{segment}/nv/paradise/,pop>=50k;top10-in-state
NV,Nevada,city,Core,Sunrise Manor,189372,36.21108,-115.07306,/{segment}/nv/sunrise-manor/,pop>=50k;top10-in-state
NV,Nevada,city,Core,Spring Valley,178395,36.10803,-115.245,/{segment}/nv/spring-valley/,pop>=50k;top10-in-state
NV,Nevada,city,Core,Enterprise,108481,36.02525,-115.24194,/{segment}/nv/enterprise/,pop>=50k;top10-in-state
NV,Nevada,city,Core,Sparks,96094,39.53491,-119.75269,/{segment}/nv/sparks/,pop>=50k;top10-in-state
NV,Nevada,city,Core,Carson City,58639,39.1638,-119.7674,/{segment}/nv/carson-city/,pop>=50k;top10-in-state
NV,Nevada,city,Extended,Whitney,38585,36.09831,-115.0363,/{segment}/nv/whitney/,tier1-corridor-state
NV,Nevada,city,Extended,Pahrump,36441,36.20829,-115.98391,/{segment}/nv/pahrump/,tier1-corridor-state
NV,Nevada,city,Extended,Winchester,27978,36.12997,-115.11889,/{segment}/nv/winchester/,tier1-corridor-state
NV,Nevada,city,Extended,Summerlin South,24085,36.11708,-115.33001,/{segment}/nv/summerlin-south/,tier1-corridor-state
NV,Nevada,city,Extended,Elko,20279,40.83242,-115.76312,/{segment}/nv/elko/,tier1-corridor-state
NV,Nevada,corridor,Core,I-15 (Nevada),,,,/{segment}/corridors/i-15/nv/,tier1-freight-corridor; full-exit-coverage
NV,Nevada,corridor,Core,I-80 (Nevada),,,,/{segment}/corridors/i-80/nv/,tier1-freight-corridor; full-exit-coverage
NY,New York,city,Core,New York City,8804190,40.71427,-74.00597,/{segment}/ny/new-york-city/,pop>=50k;top10-in-state
NY,New York,city,Core,Brooklyn,2736074,40.6501,-73.94958,/{segment}/ny/brooklyn/,pop>=50k;top10-in-state
NY,New York,city,Core,Queens,2316841,40.68149,-73.83652,/{segment}/ny/queens/,pop>=50k;top10-in-state
NY,New York,city,Core,Manhattan,1487536,40.78343,-73.96625,/{segment}/ny/manhattan/,pop>=50k;top10-in-state
NY,New York,city,Core,The Bronx,1385108,40.84985,-73.86641,/{segment}/ny/the-bronx/,pop>=50k;top10-in-state
NY,New York,city,Core,Staten Island,468730,40.56233,-74.13986,/{segment}/ny/staten-island/,pop>=50k;top10-in-state
NY,New York,city,Core,Buffalo,258071,42.88645,-78.87837,/{segment}/ny/buffalo/,pop>=50k;top10-in-state
NY,New York,city,Core,Upper West Side,226989,40.78705,-73.97542,/{segment}/ny/upper-west-side/,pop>=50k;top10-in-state
NY,New York,city,Core,Jamaica,216866,40.69149,-73.80569,/{segment}/ny/jamaica/,pop>=50k;top10-in-state
NY,New York,city,Core,Rochester,209802,43.15478,-77.61556,/{segment}/ny/rochester/,pop>=50k;top10-in-state
NY,New York,city,Core,Yonkers,201116,40.9304,-73.89789,/{segment}/ny/yonkers/,pop>=50k
NY,New York,city,Core,East Flatbush,178464,40.65371,-73.93042,/{segment}/ny/east-flatbush/,pop>=50k
NY,New York,city,Core,East New York,173198,40.66677,-73.88236,/{segment}/ny/east-new-york/,pop>=50k
NY,New York,city,Core,Washington Heights,152613,40.8501,-73.93541,/{segment}/ny/washington-heights/,pop>=50k
NY,New York,city,Core,Astoria,150165,40.77205,-73.93014,/{segment}/ny/astoria/,pop>=50k
NY,New York,city,Core,Borough Park,149248,40.63399,-73.99681,/{segment}/ny/borough-park/,pop>=50k
NY,New York,city,Core,Syracuse,144142,43.04812,-76.14742,/{segment}/ny/syracuse/,pop>=50k
NY,New York,city,Core,Sunset Park,126000,40.64548,-74.01241,/{segment}/ny/sunset-park/,pop>=50k
NY,New York,city,Core,Sheepshead Bay,122534,40.59122,-73.94458,/{segment}/ny/sheepshead-bay/,pop>=50k
NY,New York,city,Core,Amherst,122366,42.97839,-78.79976,/{segment}/ny/amherst/,pop>=50k
NY,New York,city,Core,Harlem,116345,40.80788,-73.94542,/{segment}/ny/harlem/,pop>=50k
NY,New York,city,Core,East Harlem,115921,40.79472,-73.9425,/{segment}/ny/east-harlem/,pop>=50k
NY,New York,city,Core,Elmhurst,113364,40.73649,-73.87791,/{segment}/ny/elmhurst/,pop>=50k
NY,New York,city,Core,Bushwick,112620,40.69427,-73.91875,/{segment}/ny/bushwick/,pop>=50k
NY,New York,city,Core,Gravesend,112229,40.5976,-73.96514,/{segment}/ny/gravesend/,pop>=50k
NY,New York,city,Core,Corona,109698,40.74705,-73.86014,/{segment}/ny/corona/,pop>=50k
NY,New York,city,Core,Albany,101228,42.65258,-73.75623,/{segment}/ny/albany/,pop>=50k
NY,New York,city,Core,Richmond Hill,98984,40.69983,-73.83125,/{segment}/ny/richmond-hill/,pop>=50k
NY,New York,city,Core,Fordham,94678,40.85927,-73.89847,/{segment}/ny/fordham/,pop>=50k
NY,New York,city,Core,West Albany,93794,42.68313,-73.77845,/{segment}/ny/west-albany/,pop>=50k
NY,New York,city,Core,Flatbush,93361,40.65205,-73.95903,/{segment}/ny/flatbush/,pop>=50k
NY,New York,city,Core,Chinatown,90000,40.71649,-73.99625,/{segment}/ny/chinatown/,pop>=50k
NY,New York,city,Core,Canarsie,87366,40.64372,-73.90069,/{segment}/ny/canarsie/,pop>=50k
NY,New York,city,Core,Greenburgh,86764,41.03287,-73.84291,/{segment}/ny/greenburgh/,pop>=50k
NY,New York,city,Core,New Rochelle,79846,40.91149,-73.78235,/{segment}/ny/new-rochelle/,pop>=50k
NY,New York,city,Core,South Ozone Park,75878,40.6701,-73.81902,/{segment}/ny/south-ozone-park/,pop>=50k
NY,New York,city,Core,Cheektowaga,75178,42.90339,-78.75475,/{segment}/ny/cheektowaga/,pop>=50k
NY,New York,city,Core,Kings Bridge,75132,40.87871,-73.90514,/{segment}/ny/kings-bridge/,pop>=50k
NY,New York,city,Core,Brownsville,74497,40.66094,-73.92014,/{segment}/ny/brownsville/,pop>=50k
NY,New York,city,Core,Ridgewood,69317,40.7001,-73.90569,/{segment}/ny/ridgewood/,pop>=50k
NY,New York,city,Core,Mount Vernon,68628,40.9126,-73.83708,/{segment}/ny/mount-vernon/,pop>=50k
NY,New York,city,Core,Forest Hills,67714,40.71621,-73.85014,/{segment}/ny/forest-hills/,pop>=50k
NY,New York,city,Core,Jackson Heights,67067,40.75566,-73.88541,/{segment}/ny/jackson-heights/,pop>=50k
NY,New York,city,Core,Bayside,66455,40.76844,-73.77708,/{segment}/ny/bayside/,pop>=50k
NY,New York,city,Core,Parkchester,65876,40.83899,-73.86041,/{segment}/ny/parkchester/,pop>=50k
NY,New York,city,Core,Schenectady,65305,42.81424,-73.93957,/{segment}/ny/schenectady/,pop>=50k
NY,New York,city,Core,Park Slope,65047,40.6701,-73.98597,/{segment}/ny/park-slope/,pop>=50k
NY,New York,city,Core,Flatlands,63601,40.62122,-73.93486,/{segment}/ny/flatlands/,pop>=50k
NY,New York,city,Core,East Village,62832,40.72927,-73.98736,/{segment}/ny/east-village/,pop>=50k
NY,New York,city,Core,Utica,61100,43.1009,-75.23266,/{segment}/ny/utica/,pop>=50k
NY,New York,city,Core,Financial District,60976,40.70789,-74.00857,/{segment}/ny/financial-district/,pop>=50k
NY,New York,city,Core,Brentwood,60664,40.78121,-73.24623,/{segment}/ny/brentwood/,pop>=50k
NY,New York,city,Core,Bensonhurst,60000,40.60177,-73.99403,/{segment}/ny/bensonhurst/,pop>=50k
NY,New York,city,Core,Coney Island,60000,40.57788,-73.99403,/{segment}/ny/coney-island/,pop>=50k
NY,New York,city,Core,White Plains,58459,41.03399,-73.76291,/{segment}/ny/white-plains/,pop>=50k
NY,New York,city,Core,Clay,58206,43.1859,-76.17243,/{segment}/ny/clay/,pop>=50k
NY,New York,city,Core,Morningside Heights,55929,40.81,-73.9625,/{segment}/ny/morningside-heights/,pop>=50k
NY,New York,city,Core,Hempstead,55547,40.70621,-73.61874,/{segment}/ny/hempstead/,pop>=50k
NY,New York,city,Core,Cypress Hills,54944,40.67705,-73.89125,/{segment}/ny/cypress-hills/,pop>=50k
NY,New York,city,Core,Ozone Park,53985,40.67677,-73.84375,/{segment}/ny/ozone-park/,pop>=50k
NY,New York,city,Core,Briarwood,53877,40.70935,-73.81529,/{segment}/ny/briarwood/,pop>=50k
NY,New York,city,Core,Wakefield,52201,40.89788,-73.85236,/{segment}/ny/wakefield/,pop>=50k
NY,New York,city,Core,Queens Village,51919,40.72677,-73.74152,/{segment}/ny/queens-village/,pop>=50k
NY,New York,city,Core,Levittown,51881,40.72593,-73.51429,/{segment}/ny/levittown/,pop>=50k
NY,New York,city,Core,Irondequoit,51692,43.2134,-77.57972,/{segment}/ny/irondequoit/,pop>=50k
NY,New York,city,Core,Mott Haven,51450,40.80899,-73.92291,/{segment}/ny/mott-haven/,pop>=50k
NY,New York,city,Extended,Troy,49906,42.72841,-73.69179,/{segment}/ny/troy/,tier1-corridor-state
NY,New York,city,Extended,Sunnyside,49833,40.73982,-73.93542,/{segment}/ny/sunnyside/,tier1-corridor-state
NY,New York,city,Extended,Niagara Falls,48916,43.0945,-79.05671,/{segment}/ny/niagara-falls/,tier1-corridor-state
NY,New York,city,Extended,Maspeth,48325,40.72316,-73.91264,/{segment}/ny/maspeth/,tier1-corridor-state
NY,New York,city,Extended,Binghamton,46032,42.09869,-75.91797,/{segment}/ny/binghamton/,tier1-corridor-state
NY,New York,city,Extended,Hell's Kitchen,45884,40.76496,-73.9909,/{segment}/ny/hells-kitchen/,tier1-corridor-state
NY,New York,city,Extended,West Seneca,44711,42.85006,-78.79975,/{segment}/ny/west-seneca/,tier1-corridor-state
NY,New York,city,Extended,Rego Park,43925,40.72649,-73.85264,/{segment}/ny/rego-park/,tier1-corridor-state
NY,New York,city,Extended,Freeport,43334,40.6576,-73.58318,/{segment}/ny/freeport/,tier1-corridor-state
NY,New York,city,Extended,West Babylon,43213,40.71816,-73.35429,/{segment}/ny/west-babylon/,tier1-corridor-state
NY,New York,city,Extended,Henrietta,42581,43.05923,-77.61222,/{segment}/ny/henrietta/,tier1-corridor-state
NY,New York,city,Extended,Woodside,41981,40.74538,-73.90541,/{segment}/ny/woodside/,tier1-corridor-state
NY,New York,city,Extended,Hicksville,41547,40.76843,-73.52513,/{segment}/ny/hicksville/,tier1-corridor-state
NY,New York,city,Extended,Morris Heights,40982,40.84982,-73.91986,/{segment}/ny/morris-heights/,tier1-corridor-state
NY,New York,city,Extended,Far Rockaway,39189,40.60538,-73.75513,/{segment}/ny/far-rockaway/,tier1-corridor-state
NY,New York,city,Extended,Kensington,39120,40.64621,-73.97069,/{segment}/ny/kensington/,tier1-corridor-state
NY,New York,city,Extended,Coram,39113,40.86871,-73.00149,/{segment}/ny/coram/,tier1-corridor-state
NY,New York,city,Extended,Manhattan Valley,38500,40.79389,-73.965,/{segment}/ny/manhattan-valley/,tier1-corridor-state
NY,New York,city,Extended,East Meadow,38132,40.71399,-73.55902,/{segment}/ny/east-meadow/,tier1-corridor-state
NY,New York,city,Extended,Valley Stream,37962,40.66427,-73.70846,/{segment}/ny/valley-stream/,tier1-corridor-state
NY,New York,city,Extended,Kew Gardens Hills,37479,40.73002,-73.8234,/{segment}/ny/kew-gardens-hills/,tier1-corridor-state
NY,New York,city,Extended,Whitestone,36984,40.79455,-73.81847,/{segment}/ny/whitestone/,tier1-corridor-state
NY,New York,city,Extended,Clifton Park,36705,42.86563,-73.77095,/{segment}/ny/clifton-park/,tier1-corridor-state
NY,New York,city,Extended,Brighton,36609,43.14756,-77.55055,/{segment}/ny/brighton/,tier1-corridor-state
NY,New York,city,Extended,Woodhaven,36555,40.68927,-73.85791,/{segment}/ny/woodhaven/,tier1-corridor-state
NY,New York,city,Extended,Commack,36124,40.84288,-73.29289,/{segment}/ny/commack/,tier1-corridor-state
NY,New York,city,Extended,Greenpoint,34719,40.72371,-73.95097,/{segment}/ny/greenpoint/,tier1-corridor-state
NY,New York,city,Extended,Central Islip,34450,40.79065,-73.20178,/{segment}/ny/central-islip/,tier1-corridor-state
NY,New York,city,Extended,Dyker Heights,34399,40.62149,-74.00958,/{segment}/ny/dyker-heights/,tier1-corridor-state
NY,New York,city,Extended,Glendale,34389,40.70149,-73.8868,/{segment}/ny/glendale/,tier1-corridor-state
NY,New York,city,Extended,Throgs Neck,33683,40.8226,-73.81958,/{segment}/ny/throgs-neck/,tier1-corridor-state
NY,New York,city,Extended,New City,33559,41.1476,-73.98931,/{segment}/ny/new-city/,tier1-corridor-state
NY,New York,city,Extended,Long Beach,33550,40.58844,-73.65791,/{segment}/ny/long-beach/,tier1-corridor-state
NY,New York,city,Extended,Elmont,33198,40.70094,-73.71291,/{segment}/ny/elmont/,tier1-corridor-state
NY,New York,city,Extended,Bath Beach,33080,40.60455,-74.00431,/{segment}/ny/bath-beach/,tier1-corridor-state
NY,New York,city,Extended,Huntington Station,33029,40.85343,-73.41151,/{segment}/ny/huntington-station/,tier1-corridor-state
NY,New York,city,Extended,Williamsburg,33000,40.71427,-73.95347,/{segment}/ny/williamsburg/,tier1-corridor-state
NY,New York,city,Extended,Kiryas Joel,32954,41.34204,-74.16792,/{segment}/ny/kiryas-joel/,tier1-corridor-state
NY,New York,city,Extended,Spring Valley,32598,41.11315,-74.04375,/{segment}/ny/spring-valley/,tier1-corridor-state
NY,New York,city,Extended,Rome,32573,43.21285,-75.45573,/{segment}/ny/rome/,tier1-corridor-state
NY,New York,city,Extended,Oceanside,32109,40.63871,-73.64013,/{segment}/ny/oceanside/,tier1-corridor-state
NY,New York,city,Extended,Cicero,31632,43.17562,-76.11937,/{segment}/ny/cicero/,tier1-corridor-state
NY,New York,city,Extended,Centereach,31578,40.85843,-73.09955,/{segment}/ny/centereach/,tier1-corridor-state
NY,New York,city,Extended,Brighton Beach,31462,40.57788,-73.95958,/{segment}/ny/brighton-beach/,tier1-corridor-state
NY,New York,city,Extended,Ithaca,30788,42.44063,-76.49661,/{segment}/ny/ithaca/,tier1-corridor-state
NY,New York,city,Extended,North Tonawanda,30785,43.03867,-78.8642,/{segment}/ny/north-tonawanda/,tier1-corridor-state
NY,New York,city,Extended,Springfield Gardens,30515,40.66312,-73.76221,/{segment}/ny/springfield-gardens/,tier1-corridor-state
NY,New York,city,Extended,Poughkeepsie,30371,41.70037,-73.92097,/{segment}/ny/poughkeepsie/,tier1-corridor-state
NY,New York,city,Extended,Jamestown,30075,42.097,-79.23533,/{segment}/ny/jamestown/,tier1-corridor-state
NY,New York,city,Extended,Port Chester,29620,41.00176,-73.66568,/{segment}/ny/port-chester/,tier1-corridor-state
NY,New York,city,Extended,Middle Village,29491,40.71649,-73.88125,/{segment}/ny/middle-village/,tier1-corridor-state
NY,New York,city,Extended,Glenville,29326,42.92924,-74.05207,/{segment}/ny/glenville/,tier1-corridor-state
NY,New York,city,Extended,Franklin Square,29320,40.70732,-73.67596,/{segment}/ny/franklin-square/,tier1-corridor-state
NY,New York,city,Extended,Fort Hamilton,28966,40.61872,-74.0332,/{segment}/ny/fort-hamilton/,tier1-corridor-state
NY,New York,city,Extended,Fresh Meadows,28397,40.73482,-73.79347,/{segment}/ny/fresh-meadows/,tier1-corridor-state
NY,New York,city,Extended,Harrison,28348,40.96899,-73.71263,/{segment}/ny/harrison/,tier1-corridor-state
NY,New York,city,Extended,West Islip,28335,40.70621,-73.30623,/{segment}/ny/west-islip/,tier1-corridor-state
NY,New York,city,Extended,Newburgh,28290,41.50343,-74.01042,/{segment}/ny/newburgh/,tier1-corridor-state
NY,New York,city,Extended,Elmira,28213,42.0898,-76.80773,/{segment}/ny/elmira/,tier1-corridor-state
NY,New York,city,Extended,Vestal,28043,42.08507,-76.05381,/{segment}/ny/vestal/,tier1-corridor-state
NY,New York,city,Extended,Gramercy Park,27988,40.7375,-73.98611,/{segment}/ny/gramercy-park/,tier1-corridor-state
NY,New York,city,Extended,University Heights,27935,40.8601,-73.9093,/{segment}/ny/university-heights/,tier1-corridor-state
NY,New York,city,Extended,Shirley,27854,40.80149,-72.8676,/{segment}/ny/shirley/,tier1-corridor-state
NY,New York,city,Extended,Middletown,27812,41.44593,-74.42293,/{segment}/ny/middletown/,tier1-corridor-state
NY,New York,city,Extended,Saratoga Springs,27765,43.08313,-73.78457,/{segment}/ny/saratoga-springs/,tier1-corridor-state
NY,New York,city,Extended,Deer Park,27745,40.76177,-73.32929,/{segment}/ny/deer-park/,tier1-corridor-state
NY,New York,city,Extended,Queensbury,27703,43.37729,-73.61317,/{segment}/ny/queensbury/,tier1-corridor-state
NY,New York,city,Extended,Glen Cove,27400,40.86232,-73.63374,/{segment}/ny/glen-cove/,tier1-corridor-state
NY,New York,city,Extended,College Point,27307,40.7876,-73.84597,/{segment}/ny/college-point/,tier1-corridor-state
NY,New York,city,Extended,Lindenhurst,27277,40.68677,-73.37345,/{segment}/ny/lindenhurst/,tier1-corridor-state
NY,New York,city,Extended,Hunts Point,27204,40.8126,-73.88402,/{segment}/ny/hunts-point/,tier1-corridor-state
NY,New York,city,Extended,Holbrook,27195,40.81232,-73.07844,/{segment}/ny/holbrook/,tier1-corridor-state
NY,New York,city,Extended,Auburn,26985,42.93173,-76.56605,/{segment}/ny/auburn/,tier1-corridor-state
NY,New York,city,Extended,Dix Hills,26892,40.80482,-73.33623,/{segment}/ny/dix-hills/,tier1-corridor-state
NY,New York,city,Extended,Watertown,26780,43.97478,-75.91076,/{segment}/ny/watertown/,tier1-corridor-state
NY,New York,city,Extended,Smithtown,26470,40.85593,-73.20067,/{segment}/ny/smithtown/,tier1-corridor-state
NY,New York,city,Extended,Bay Shore,26337,40.7251,-73.24539,/{segment}/ny/bay-shore/,tier1-corridor-state
NY,New York,city,Extended,Plainview,26217,40.77649,-73.46735,/{segment}/ny/plainview/,tier1-corridor-state
NY,New York,city,Extended,Howard Beach,26148,40.65788,-73.83625,/{segment}/ny/howard-beach/,tier1-corridor-state
NY,New York,city,Extended,Rosedale,25812,40.66205,-73.73541,/{segment}/ny/rosedale/,tier1-corridor-state
NY,New York,city,Extended,Long Island City,25595,40.74482,-73.94875,/{segment}/ny/long-island-city/,tier1-corridor-state
NY,New York,city,Extended,Ossining,25441,41.16287,-73.86152,/{segment}/ny/ossining/,tier1-corridor-state
NY,New York,city,Extended,East Amherst,24914,43.01839,-78.6967,/{segment}/ny/east-amherst/,tier1-corridor-state
NY,New York,city,Extended,Hillside,24808,40.70788,-73.7868,/{segment}/ny/hillside/,tier1-corridor-state
NY,New York,corridor,Extended,I-78 (New York),,,,/{segment}/corridors/i-78/ny/,tier2-freight-corridor; route-page-only
NY,New York,corridor,Extended,I-81 (New York),,,,/{segment}/corridors/i-81/ny/,tier2-freight-corridor; route-page-only
NY,New York,corridor,Extended,I-84 (New York),,,,/{segment}/corridors/i-84/ny/,tier2-freight-corridor; route-page-only
NY,New York,corridor,Extended,I-86 (New York),,,,/{segment}/corridors/i-86/ny/,tier2-freight-corridor; route-page-only
NY,New York,corridor,Extended,I-87 (New York),,,,/{segment}/corridors/i-87/ny/,tier2-freight-corridor; route-page-only
NY,New York,corridor,Extended,I-88 (New York),,,,/{segment}/corridors/i-88/ny/,tier2-freight-corridor; route-page-only
NY,New York,corridor,Core,I-90 (New York),,,,/{segment}/corridors/i-90/ny/,tier1-freight-corridor; full-exit-coverage
NY,New York,corridor,Core,I-95 (New York),,,,/{segment}/corridors/i-95/ny/,tier1-freight-corridor; full-exit-coverage
OH,Ohio,city,Core,Columbus,913175,39.96118,-82.99879,/{segment}/oh/columbus/,pop>=50k;top10-in-state
OH,Ohio,city,Core,Cleveland,365379,41.4995,-81.69541,/{segment}/oh/cleveland/,pop>=50k;top10-in-state
OH,Ohio,city,Core,Cincinnati,311097,39.12711,-84.51439,/{segment}/oh/cincinnati/,pop>=50k;top10-in-state
OH,Ohio,city,Core,Toledo,265638,41.66394,-83.55521,/{segment}/oh/toledo/,pop>=50k;top10-in-state
OH,Ohio,city,Core,Akron,197542,41.08144,-81.51901,/{segment}/oh/akron/,pop>=50k;top10-in-state
OH,Ohio,city,Core,Dayton,135512,39.75895,-84.19161,/{segment}/oh/dayton/,pop>=50k;top10-in-state
OH,Ohio,city,Core,Parma,79937,41.40477,-81.72291,/{segment}/oh/parma/,pop>=50k;top10-in-state
OH,Ohio,city,Core,Canton,71885,40.79895,-81.37845,/{segment}/oh/canton/,pop>=50k;top10-in-state
OH,Ohio,city,Core,Youngstown,64628,41.09978,-80.64952,/{segment}/oh/youngstown/,pop>=50k;top10-in-state
OH,Ohio,city,Core,Lorain,63647,41.45282,-82.18237,/{segment}/oh/lorain/,pop>=50k;top10-in-state
OH,Ohio,city,Core,Hamilton,62407,39.3995,-84.56134,/{segment}/oh/hamilton/,pop>=50k
OH,Ohio,city,Core,Springfield,59680,39.92423,-83.80882,/{segment}/oh/springfield/,pop>=50k
OH,Ohio,city,Core,Kettering,55525,39.6895,-84.16883,/{segment}/oh/kettering/,pop>=50k
OH,Ohio,city,Core,Elyria,53775,41.36838,-82.10765,/{segment}/oh/elyria/,pop>=50k
OH,Ohio,city,Core,Lakewood,50656,41.48199,-81.79819,/{segment}/oh/lakewood/,pop>=50k
OH,Ohio,city,Extended,Cuyahoga Falls,49146,41.13394,-81.48456,/{segment}/oh/cuyahoga-falls/,tier1-corridor-state
OH,Ohio,city,Extended,Middletown,48760,39.51506,-84.39828,/{segment}/oh/middletown/,tier1-corridor-state
OH,Ohio,city,Extended,Newark,47986,40.05812,-82.40126,/{segment}/oh/newark/,tier1-corridor-state
OH,Ohio,city,Extended,Euclid,47676,41.5931,-81.52679,/{segment}/oh/euclid/,tier1-corridor-state
OH,Ohio,city,Extended,Mentor,46901,41.66616,-81.33955,/{segment}/oh/mentor/,tier1-corridor-state
OH,Ohio,city,Extended,Mansfield,46830,40.75839,-82.51545,/{segment}/oh/mansfield/,tier1-corridor-state
OH,Ohio,city,Extended,Beavercreek,46277,39.70923,-84.06327,/{segment}/oh/beavercreek/,tier1-corridor-state
OH,Ohio,city,Extended,Dublin,45098,40.09923,-83.11408,/{segment}/oh/dublin/,tier1-corridor-state
OH,Ohio,city,Extended,Cleveland Heights,44962,41.52005,-81.55624,/{segment}/oh/cleveland-heights/,tier1-corridor-state
OH,Ohio,city,Extended,Strongsville,44668,41.3145,-81.83569,/{segment}/oh/strongsville/,tier1-corridor-state
OH,Ohio,city,Extended,Fairfield,42767,39.34589,-84.5605,/{segment}/oh/fairfield/,tier1-corridor-state
OH,Ohio,city,Extended,Findlay,41149,41.04422,-83.64993,/{segment}/oh/findlay/,tier1-corridor-state
OH,Ohio,city,Extended,Warren,40245,41.23756,-80.81842,/{segment}/oh/warren/,tier1-corridor-state
OH,Ohio,city,Extended,Lancaster,39766,39.71368,-82.59933,/{segment}/oh/lancaster/,tier1-corridor-state
OH,Ohio,city,Extended,Grove City,39388,39.88145,-83.09296,/{segment}/oh/grove-city/,tier1-corridor-state
OH,Ohio,city,Extended,Westerville,38384,40.12617,-82.92907,/{segment}/oh/westerville/,tier1-corridor-state
OH,Ohio,city,Extended,Huber Heights,38176,39.84395,-84.12466,/{segment}/oh/huber-heights/,tier1-corridor-state
OH,Ohio,city,Extended,Delaware,37995,40.29867,-83.06797,/{segment}/oh/delaware/,tier1-corridor-state
OH,Ohio,city,Extended,Lima,37873,40.74255,-84.10523,/{segment}/oh/lima/,tier1-corridor-state
OH,Ohio,city,Extended,Reynoldsburg,37158,39.95479,-82.81212,/{segment}/oh/reynoldsburg/,tier1-corridor-state
OH,Ohio,city,Extended,Marion,36363,40.58867,-83.12852,/{segment}/oh/marion/,tier1-corridor-state
OH,Ohio,city,Extended,Boardman,35376,41.02423,-80.66285,/{segment}/oh/boardman/,tier1-corridor-state
OH,Ohio,city,Extended,Upper Arlington,34907,39.99451,-83.06241,/{segment}/oh/upper-arlington/,tier1-corridor-state
OH,Ohio,city,Extended,Stow,34797,41.1595,-81.44039,/{segment}/oh/stow/,tier1-corridor-state
OH,Ohio,city,Extended,Brunswick,34689,41.23811,-81.8418,/{segment}/oh/brunswick/,tier1-corridor-state
OH,Ohio,city,Extended,Gahanna,34590,40.01923,-82.87934,/{segment}/oh/gahanna/,tier1-corridor-state
OH,Ohio,city,Extended,Collinwood,34220,41.55838,-81.56929,/{segment}/oh/collinwood/,tier1-corridor-state
OH,Ohio,city,Extended,Hilliard,33649,40.0334,-83.15825,/{segment}/oh/hilliard/,tier1-corridor-state
OH,Ohio,city,Extended,Fairborn,33452,39.82089,-84.01938,/{segment}/oh/fairborn/,tier1-corridor-state
OH,Ohio,city,Extended,Mason,32662,39.36006,-84.30994,/{segment}/oh/mason/,tier1-corridor-state
OH,Ohio,city,Extended,North Ridgeville,32483,41.38949,-82.01903,/{segment}/oh/north-ridgeville/,tier1-corridor-state
OH,Ohio,city,Extended,Westlake,32428,41.45532,-81.91792,/{segment}/oh/westlake/,tier1-corridor-state
OH,Ohio,city,Extended,Massillon,32252,40.79672,-81.52151,/{segment}/oh/massillon/,tier1-corridor-state
OH,Ohio,city,Extended,North Olmsted,32004,41.4156,-81.92347,/{segment}/oh/north-olmsted/,tier1-corridor-state
OH,Ohio,city,Extended,Bowling Green,31246,41.37477,-83.65132,/{segment}/oh/bowling-green/,tier1-corridor-state
OH,Ohio,city,Extended,North Royalton,30311,41.31366,-81.72457,/{segment}/oh/north-royalton/,tier1-corridor-state
OH,Ohio,city,Extended,Kent,29810,41.15367,-81.35789,/{segment}/oh/kent/,tier1-corridor-state
OH,Ohio,city,Extended,Austintown,29677,41.10172,-80.76452,/{segment}/oh/austintown/,tier1-corridor-state
OH,Ohio,city,Extended,Garfield Heights,28097,41.417,-81.60596,/{segment}/oh/garfield-heights/,tier1-corridor-state
OH,Ohio,city,Extended,Shaker Heights,27646,41.47394,-81.53707,/{segment}/oh/shaker-heights/,tier1-corridor-state
OH,Ohio,city,Extended,Wooster,26749,40.80517,-81.93646,/{segment}/oh/wooster/,tier1-corridor-state
OH,Ohio,city,Extended,Medina,26339,41.13839,-81.86375,/{segment}/oh/medina/,tier1-corridor-state
OH,Ohio,city,Extended,Barberton,26234,41.01283,-81.60512,/{segment}/oh/barberton/,tier1-corridor-state
OH,Ohio,city,Extended,Xenia,25976,39.68478,-83.92965,/{segment}/oh/xenia/,tier1-corridor-state
OH,Ohio,city,Extended,Green,25898,40.94589,-81.48317,/{segment}/oh/green/,tier1-corridor-state
OH,Ohio,city,Extended,Troy,25659,40.0395,-84.20328,/{segment}/oh/troy/,tier1-corridor-state
OH,Ohio,city,Extended,Zanesville,25498,39.94035,-82.01319,/{segment}/oh/zanesville/,tier1-corridor-state
OH,Ohio,city,Extended,Sandusky,25212,41.44894,-82.70796,/{segment}/oh/sandusky/,tier1-corridor-state
OH,Ohio,city,Extended,Athens,25044,39.32924,-82.10126,/{segment}/oh/athens/,tier1-corridor-state
OH,Ohio,city,Extended,Riverside,24972,39.77978,-84.1241,/{segment}/oh/riverside/,tier1-corridor-state
OH,Ohio,corridor,Core,I-70 (Ohio),,,,/{segment}/corridors/i-70/oh/,tier1-freight-corridor; full-exit-coverage
OH,Ohio,corridor,Extended,I-71 (Ohio),,,,/{segment}/corridors/i-71/oh/,tier2-freight-corridor; route-page-only
OH,Ohio,corridor,Extended,I-74 (Ohio),,,,/{segment}/corridors/i-74/oh/,tier2-freight-corridor; route-page-only
OH,Ohio,corridor,Core,I-75 (Ohio),,,,/{segment}/corridors/i-75/oh/,tier1-freight-corridor; full-exit-coverage
OH,Ohio,corridor,Extended,I-76 (Ohio),,,,/{segment}/corridors/i-76/oh/,tier2-freight-corridor; route-page-only
OH,Ohio,corridor,Extended,I-77 (Ohio),,,,/{segment}/corridors/i-77/oh/,tier2-freight-corridor; route-page-only
OH,Ohio,corridor,Core,I-80 (Ohio),,,,/{segment}/corridors/i-80/oh/,tier1-freight-corridor; full-exit-coverage
OH,Ohio,corridor,Core,I-90 (Ohio),,,,/{segment}/corridors/i-90/oh/,tier1-freight-corridor; full-exit-coverage
OK,Oklahoma,city,Core,Oklahoma City,681054,35.46756,-97.51643,/{segment}/ok/oklahoma-city/,pop>=50k;top10-in-state
OK,Oklahoma,city,Core,Tulsa,413066,36.15398,-95.99277,/{segment}/ok/tulsa/,pop>=50k;top10-in-state
OK,Oklahoma,city,Core,Norman,128026,35.22257,-97.43948,/{segment}/ok/norman/,pop>=50k;top10-in-state
OK,Oklahoma,city,Core,Broken Arrow,106563,36.0526,-95.79082,/{segment}/ok/broken-arrow/,pop>=50k;top10-in-state
OK,Oklahoma,city,Core,Lawton,96655,34.60869,-98.39033,/{segment}/ok/lawton/,pop>=50k;top10-in-state
OK,Oklahoma,city,Core,Edmond,90092,35.65283,-97.4781,/{segment}/ok/edmond/,pop>=50k;top10-in-state
OK,Oklahoma,city,Core,Moore,60451,35.33951,-97.4867,/{segment}/ok/moore/,pop>=50k;top10-in-state
OK,Oklahoma,city,Core,Midwest City,57249,35.44951,-97.3967,/{segment}/ok/midwest-city/,pop>=50k;top10-in-state
OK,Oklahoma,city,Core,Enid,51776,36.39559,-97.87839,/{segment}/ok/enid/,pop>=50k;top10-in-state
OK,Oklahoma,city,Extended,Stillwater,48967,36.11561,-97.05837,/{segment}/ok/stillwater/,top10-in-state
OK,Oklahoma,city,Extended,Muskogee,38456,35.74788,-95.36969,/{segment}/ok/muskogee/,tier1-corridor-state
OK,Oklahoma,city,Extended,Bartlesville,36595,36.74731,-95.98082,/{segment}/ok/bartlesville/,tier1-corridor-state
OK,Oklahoma,city,Extended,Owasso,34542,36.26954,-95.85471,/{segment}/ok/owasso/,tier1-corridor-state
OK,Oklahoma,city,Extended,Shawnee,31286,35.32729,-96.9253,/{segment}/ok/shawnee/,tier1-corridor-state
OK,Oklahoma,city,Extended,Yukon,25892,35.50672,-97.76254,/{segment}/ok/yukon/,tier1-corridor-state
OK,Oklahoma,city,Extended,Ardmore,25176,34.17426,-97.14363,/{segment}/ok/ardmore/,tier1-corridor-state
OK,Oklahoma,corridor,Core,I-35 (Oklahoma),,,,/{segment}/corridors/i-35/ok/,tier1-freight-corridor; full-exit-coverage
OK,Oklahoma,corridor,Core,I-40 (Oklahoma),,,,/{segment}/corridors/i-40/ok/,tier1-freight-corridor; full-exit-coverage
OK,Oklahoma,corridor,Extended,I-44 (Oklahoma),,,,/{segment}/corridors/i-44/ok/,tier2-freight-corridor; route-page-only
OR,Oregon,city,Core,Portland,652503,45.52345,-122.67621,/{segment}/or/portland/,pop>=50k;top10-in-state
OR,Oregon,city,Core,Eugene,176654,44.05207,-123.08675,/{segment}/or/eugene/,pop>=50k;top10-in-state
OR,Oregon,city,Core,Salem,175535,44.9429,-123.0351,/{segment}/or/salem/,pop>=50k;top10-in-state
OR,Oregon,city,Core,Gresham,110553,45.49818,-122.43148,/{segment}/or/gresham/,pop>=50k;top10-in-state
OR,Oregon,city,Core,Hillsboro,102347,45.52289,-122.98983,/{segment}/or/hillsboro/,pop>=50k;top10-in-state
OR,Oregon,city,Core,Beaverton,96577,45.48706,-122.80371,/{segment}/or/beaverton/,pop>=50k;top10-in-state
OR,Oregon,city,Core,Bend,87014,44.05817,-121.31531,/{segment}/or/bend/,pop>=50k;top10-in-state
OR,Oregon,city,Core,Medford,79805,42.32652,-122.87559,/{segment}/or/medford/,pop>=50k;top10-in-state
OR,Oregon,city,Core,Springfield,60870,44.04624,-123.02203,/{segment}/or/springfield/,pop>=50k;top10-in-state
OR,Oregon,city,Core,Corvallis,55780,44.56457,-123.26204,/{segment}/or/corvallis/,pop>=50k;top10-in-state
OR,Oregon,city,Core,Albany,52175,44.63651,-123.10593,/{segment}/or/albany/,pop>=50k
OR,Oregon,city,Core,Tigard,51253,45.43123,-122.77149,/{segment}/or/tigard/,pop>=50k
OR,Oregon,city,Extended,Aloha,49425,45.49428,-122.86705,/{segment}/or/aloha/,tier1-corridor-state
OR,Oregon,city,Extended,Lake Oswego,38496,45.42067,-122.67065,/{segment}/or/lake-oswego/,tier1-corridor-state
OR,Oregon,city,Extended,Keizer,37895,44.99012,-123.02621,/{segment}/or/keizer/,tier1-corridor-state
OR,Oregon,city,Extended,Grants Pass,37088,42.43933,-123.33067,/{segment}/or/grants-pass/,tier1-corridor-state
OR,Oregon,city,Extended,Oregon City,35831,45.35734,-122.60676,/{segment}/or/oregon-city/,tier1-corridor-state
OR,Oregon,city,Extended,McMinnville,33892,45.21012,-123.19872,/{segment}/or/mcminnville/,tier1-corridor-state
OR,Oregon,city,Extended,Redmond,28654,44.27262,-121.17392,/{segment}/or/redmond/,tier1-corridor-state
OR,Oregon,city,Extended,Tualatin,27154,45.38401,-122.76399,/{segment}/or/tualatin/,tier1-corridor-state
OR,Oregon,city,Extended,West Linn,26593,45.36568,-122.61231,/{segment}/or/west-linn/,tier1-corridor-state
OR,Oregon,city,Extended,Woodburn,25173,45.14373,-122.85537,/{segment}/or/woodburn/,tier1-corridor-state
OR,Oregon,corridor,Core,I-5 (Oregon),,,,/{segment}/corridors/i-5/or/,tier1-freight-corridor; full-exit-coverage
OR,Oregon,corridor,Extended,I-84 (Oregon),,,,/{segment}/corridors/i-84/or/,tier2-freight-corridor; route-page-only
PA,Pennsylvania,city,Core,Philadelphia,1573916,39.95238,-75.16362,/{segment}/pa/philadelphia/,pop>=50k;top10-in-state
PA,Pennsylvania,city,Core,Pittsburgh,304391,40.44062,-79.99589,/{segment}/pa/pittsburgh/,pop>=50k;top10-in-state
PA,Pennsylvania,city,Core,Allentown,120207,40.60843,-75.49018,/{segment}/pa/allentown/,pop>=50k;top10-in-state
PA,Pennsylvania,city,Core,Erie,99475,42.12922,-80.08506,/{segment}/pa/erie/,pop>=50k;top10-in-state
PA,Pennsylvania,city,Core,Reading,87879,40.33565,-75.92687,/{segment}/pa/reading/,pop>=50k;top10-in-state
PA,Pennsylvania,city,Core,Scranton,77118,41.40916,-75.6649,/{segment}/pa/scranton/,pop>=50k;top10-in-state
PA,Pennsylvania,city,Core,Bethlehem,74892,40.62593,-75.37046,/{segment}/pa/bethlehem/,pop>=50k;top10-in-state
PA,Pennsylvania,city,Core,Bensalem,60427,40.10455,-74.95128,/{segment}/pa/bensalem/,pop>=50k;top10-in-state
PA,Pennsylvania,city,Core,Lancaster,59339,40.03788,-76.30551,/{segment}/pa/lancaster/,pop>=50k;top10-in-state
PA,Pennsylvania,city,Core,Center City,57239,39.9512,-75.15923,/{segment}/pa/center-city/,pop>=50k;top10-in-state
PA,Pennsylvania,city,Core,Abington,55310,40.12067,-75.11795,/{segment}/pa/abington/,pop>=50k
PA,Pennsylvania,city,Core,Levittown,52983,40.15511,-74.82877,/{segment}/pa/levittown/,pop>=50k
PA,Pennsylvania,city,Core,Harrisburg,50183,40.2737,-76.88442,/{segment}/pa/harrisburg/,pop>=50k
PA,Pennsylvania,city,Extended,Wharton,49732,39.92678,-75.15712,/{segment}/pa/wharton/,tier1-corridor-state
PA,Pennsylvania,city,Extended,Whitman,49732,39.91678,-75.15546,/{segment}/pa/whitman/,tier1-corridor-state
PA,Pennsylvania,city,Extended,Oxford Circle,48856,40.05011,-75.07184,/{segment}/pa/oxford-circle/,tier1-corridor-state
PA,Pennsylvania,city,Extended,Altoona,45344,40.51868,-78.39474,/{segment}/pa/altoona/,tier1-corridor-state
PA,Pennsylvania,city,Extended,Penn Hills,44610,40.50118,-79.83922,/{segment}/pa/penn-hills/,tier1-corridor-state
PA,Pennsylvania,city,Extended,York,43992,39.9626,-76.72774,/{segment}/pa/york/,tier1-corridor-state
PA,Pennsylvania,city,Extended,State College,42161,40.79339,-77.86,/{segment}/pa/state-college/,tier1-corridor-state
PA,Pennsylvania,city,Extended,Wilkes-Barre,40780,41.24591,-75.88131,/{segment}/pa/wilkes-barre/,tier1-corridor-state
PA,Pennsylvania,city,Extended,Olney,39154,40.04122,-75.12379,/{segment}/pa/olney/,tier1-corridor-state
PA,Pennsylvania,city,Extended,West Oak Lane,38699,40.06928,-75.16629,/{segment}/pa/west-oak-lane/,tier1-corridor-state
PA,Pennsylvania,city,Extended,Norristown,34412,40.1215,-75.3399,/{segment}/pa/norristown/,tier1-corridor-state
PA,Pennsylvania,city,Extended,Chester,34092,39.84753,-75.35785,/{segment}/pa/chester/,tier1-corridor-state
PA,Pennsylvania,city,Extended,Cobbs Creek,33373,39.94761,-75.24018,/{segment}/pa/cobbs-creek/,tier1-corridor-state
PA,Pennsylvania,city,Extended,Somerton,33247,40.12344,-75.01489,/{segment}/pa/somerton/,tier1-corridor-state
PA,Pennsylvania,city,Extended,Mount Lebanon,32730,40.35535,-80.0495,/{segment}/pa/mount-lebanon/,tier1-corridor-state
PA,Pennsylvania,city,Extended,Bustleton,32655,40.08261,-75.03156,/{segment}/pa/bustleton/,tier1-corridor-state
PA,Pennsylvania,city,Extended,Overbrook,32181,39.98928,-75.24324,/{segment}/pa/overbrook/,tier1-corridor-state
PA,Pennsylvania,city,Extended,Bethel Park,32118,40.32757,-80.0395,/{segment}/pa/bethel-park/,tier1-corridor-state
PA,Pennsylvania,city,Extended,Wayne,30892,40.044,-75.38769,/{segment}/pa/wayne/,tier1-corridor-state
PA,Pennsylvania,city,Extended,Radnor,30878,40.04622,-75.35991,/{segment}/pa/radnor/,tier1-corridor-state
PA,Pennsylvania,city,Extended,Williamsport,29201,41.24119,-77.00108,/{segment}/pa/williamsport/,tier1-corridor-state
PA,Pennsylvania,city,Extended,Monroeville,28176,40.42118,-79.7881,/{segment}/pa/monroeville/,tier1-corridor-state
PA,Pennsylvania,city,Extended,Cranberry Township,28098,40.68496,-80.10714,/{segment}/pa/cranberry-township/,tier1-corridor-state
PA,Pennsylvania,city,Extended,Holmesburg,28046,40.0415,-75.02795,/{segment}/pa/holmesburg/,tier1-corridor-state
PA,Pennsylvania,city,Extended,Drexel Hill,28043,39.94706,-75.29213,/{segment}/pa/drexel-hill/,tier1-corridor-state
PA,Pennsylvania,city,Extended,Port Richmond,27554,39.99345,-75.10017,/{segment}/pa/port-richmond/,tier1-corridor-state
PA,Pennsylvania,city,Extended,Plum,27505,40.50035,-79.74949,/{segment}/pa/plum/,tier1-corridor-state
PA,Pennsylvania,city,Extended,Back Mountain,26973,41.33591,-75.99631,/{segment}/pa/back-mountain/,tier1-corridor-state
PA,Pennsylvania,city,Extended,Easton,26915,40.68843,-75.22073,/{segment}/pa/easton/,tier1-corridor-state
PA,Pennsylvania,city,Extended,Pennsport,26000,39.92761,-75.15045,/{segment}/pa/pennsport/,tier1-corridor-state
PA,Pennsylvania,city,Extended,Rhawnhurst,25581,40.06178,-75.05573,/{segment}/pa/rhawnhurst/,tier1-corridor-state
PA,Pennsylvania,city,Extended,Lebanon,25534,40.34093,-76.41135,/{segment}/pa/lebanon/,tier1-corridor-state
PA,Pennsylvania,city,Extended,Whitehall Township,24896,40.66676,-75.49991,/{segment}/pa/whitehall-township/,tier1-corridor-state
PA,Pennsylvania,city,Extended,Hazleton,24825,40.95842,-75.97465,/{segment}/pa/hazleton/,tier1-corridor-state
PA,Pennsylvania,corridor,Core,I-70 (Pennsylvania),,,,/{segment}/corridors/i-70/pa/,tier1-freight-corridor; full-exit-coverage
PA,Pennsylvania,corridor,Extended,I-76 (Pennsylvania),,,,/{segment}/corridors/i-76/pa/,tier2-freight-corridor; route-page-only
PA,Pennsylvania,corridor,Extended,I-78 (Pennsylvania),,,,/{segment}/corridors/i-78/pa/,tier2-freight-corridor; route-page-only
PA,Pennsylvania,corridor,Extended,I-79 (Pennsylvania),,,,/{segment}/corridors/i-79/pa/,tier2-freight-corridor; route-page-only
PA,Pennsylvania,corridor,Core,I-80 (Pennsylvania),,,,/{segment}/corridors/i-80/pa/,tier1-freight-corridor; full-exit-coverage
PA,Pennsylvania,corridor,Extended,I-81 (Pennsylvania),,,,/{segment}/corridors/i-81/pa/,tier2-freight-corridor; route-page-only
PA,Pennsylvania,corridor,Extended,I-83 (Pennsylvania),,,,/{segment}/corridors/i-83/pa/,tier2-freight-corridor; route-page-only
PA,Pennsylvania,corridor,Extended,I-84 (Pennsylvania),,,,/{segment}/corridors/i-84/pa/,tier2-freight-corridor; route-page-only
PA,Pennsylvania,corridor,Extended,I-86 (Pennsylvania),,,,/{segment}/corridors/i-86/pa/,tier2-freight-corridor; route-page-only
PA,Pennsylvania,corridor,Core,I-90 (Pennsylvania),,,,/{segment}/corridors/i-90/pa/,tier1-freight-corridor; full-exit-coverage
PA,Pennsylvania,corridor,Core,I-95 (Pennsylvania),,,,/{segment}/corridors/i-95/pa/,tier1-freight-corridor; full-exit-coverage
RI,Rhode Island,city,Core,Providence,190934,41.82399,-71.41283,/{segment}/ri/providence/,pop>=50k;top10-in-state
RI,Rhode Island,city,Core,Warwick,81699,41.7001,-71.41617,/{segment}/ri/warwick/,pop>=50k;top10-in-state
RI,Rhode Island,city,Core,Cranston,81073,41.77982,-71.43728,/{segment}/ri/cranston/,pop>=50k;top10-in-state
RI,Rhode Island,city,Core,Pawtucket,71591,41.87871,-71.38256,/{segment}/ri/pawtucket/,pop>=50k;top10-in-state
RI,Rhode Island,city,Extended,East Providence,47408,41.81371,-71.37005,/{segment}/ri/east-providence/,top10-in-state
RI,Rhode Island,city,Extended,Woonsocket,41475,42.00288,-71.51478,/{segment}/ri/woonsocket/,top10-in-state
RI,Rhode Island,city,Extended,Coventry,35525,41.7001,-71.68284,/{segment}/ri/coventry/,top10-in-state
RI,Rhode Island,city,Extended,Cumberland,34843,41.96677,-71.43284,/{segment}/ri/cumberland/,top10-in-state
RI,Rhode Island,city,Extended,North Providence,33835,41.8501,-71.46617,/{segment}/ri/north-providence/,top10-in-state
RI,Rhode Island,city,Extended,South Kingstown,30826,41.44718,-71.52494,/{segment}/ri/south-kingstown/,top10-in-state
RI,Rhode Island,city,Extended,West Warwick,30146,41.69689,-71.52194,/{segment}/ri/west-warwick/,tier1-corridor-state
RI,Rhode Island,city,Extended,Johnston,29247,41.82186,-71.50675,/{segment}/ri/johnston/,tier1-corridor-state
RI,Rhode Island,city,Extended,North Kingstown,28042,41.5501,-71.46617,/{segment}/ri/north-kingstown/,tier1-corridor-state
RI,Rhode Island,corridor,Core,I-95 (Rhode Island),,,,/{segment}/corridors/i-95/ri/,tier1-freight-corridor; full-exit-coverage
SC,South Carolina,city,Core,Columbia,142416,34.00071,-81.03481,/{segment}/sc/columbia/,pop>=50k;top10-in-state
SC,South Carolina,city,Core,Charleston,132609,32.77632,-79.93275,/{segment}/sc/charleston/,pop>=50k;top10-in-state
SC,South Carolina,city,Core,North Charleston,108304,32.85462,-79.97481,/{segment}/sc/north-charleston/,pop>=50k;top10-in-state
SC,South Carolina,city,Core,Mount Pleasant,81317,32.79407,-79.86259,/{segment}/sc/mount-pleasant/,pop>=50k;top10-in-state
SC,South Carolina,city,Core,Rock Hill,71548,34.92487,-81.02508,/{segment}/sc/rock-hill/,pop>=50k;top10-in-state
SC,South Carolina,city,Core,Greenville,64579,34.85262,-82.39401,/{segment}/sc/greenville/,pop>=50k;top10-in-state
SC,South Carolina,city,Extended,Summerville,48848,33.0185,-80.17565,/{segment}/sc/summerville/,top10-in-state
SC,South Carolina,city,Extended,Sumter,40816,33.92044,-80.34147,/{segment}/sc/sumter/,top10-in-state
SC,South Carolina,city,Extended,Goose Creek,40633,32.98101,-80.03259,/{segment}/sc/goose-creek/,top10-in-state
SC,South Carolina,city,Extended,Hilton Head Island,40512,32.19382,-80.73816,/{segment}/sc/hilton-head-island/,top10-in-state
SC,South Carolina,city,Extended,Florence,38228,34.19543,-79.76256,/{segment}/sc/florence/,tier1-corridor-state
SC,South Carolina,city,Extended,Spartanburg,37867,34.94957,-81.93205,/{segment}/sc/spartanburg/,tier1-corridor-state
SC,South Carolina,city,Extended,Hilton Head,37099,32.21632,-80.75261,/{segment}/sc/hilton-head/,tier1-corridor-state
SC,South Carolina,city,Extended,Myrtle Beach,31035,33.68906,-78.88669,/{segment}/sc/myrtle-beach/,tier1-corridor-state
SC,South Carolina,city,Extended,Aiken,30604,33.56042,-81.71955,/{segment}/sc/aiken/,tier1-corridor-state
SC,South Carolina,city,Extended,Greer,28365,34.93873,-82.22706,/{segment}/sc/greer/,tier1-corridor-state
SC,South Carolina,city,Extended,Anderson,27335,34.50344,-82.65013,/{segment}/sc/anderson/,tier1-corridor-state
SC,South Carolina,city,Extended,Mauldin,25135,34.77873,-82.31012,/{segment}/sc/mauldin/,tier1-corridor-state
SC,South Carolina,corridor,Core,I-20 (South Carolina),,,,/{segment}/corridors/i-20/sc/,tier1-freight-corridor; full-exit-coverage
SC,South Carolina,corridor,Extended,I-26 (South Carolina),,,,/{segment}/corridors/i-26/sc/,tier2-freight-corridor; route-page-only
SC,South Carolina,corridor,Extended,I-77 (South Carolina),,,,/{segment}/corridors/i-77/sc/,tier2-freight-corridor; route-page-only
SC,South Carolina,corridor,Core,I-85 (South Carolina),,,,/{segment}/corridors/i-85/sc/,tier1-freight-corridor; full-exit-coverage
SC,South Carolina,corridor,Core,I-95 (South Carolina),,,,/{segment}/corridors/i-95/sc/,tier1-freight-corridor; full-exit-coverage
SD,South Dakota,city,Core,Sioux Falls,171544,43.54997,-96.70033,/{segment}/sd/sioux-falls/,pop>=50k;top10-in-state
SD,South Dakota,city,Core,Rapid City,73569,44.08054,-103.23101,/{segment}/sd/rapid-city/,pop>=50k;top10-in-state
SD,South Dakota,city,Extended,Aberdeen,28102,45.4647,-98.48648,/{segment}/sd/aberdeen/,top10-in-state
SD,South Dakota,city,Extended,Brookings,23657,44.31136,-96.79839,/{segment}/sd/brookings/,top10-in-state
SD,South Dakota,city,Extended,Watertown,22073,44.89941,-97.11507,/{segment}/sd/watertown/,top10-in-state
SD,South Dakota,city,Extended,Mitchell,15669,43.70943,-98.0298,/{segment}/sd/mitchell/,top10-in-state
SD,South Dakota,corridor,Extended,I-29 (South Dakota),,,,/{segment}/corridors/i-29/sd/,tier2-freight-corridor; route-page-only
SD,South Dakota,corridor,Core,I-90 (South Dakota),,,,/{segment}/corridors/i-90/sd/,tier1-freight-corridor; full-exit-coverage
TN,Tennessee,city,Core,Nashville,689447,36.16589,-86.78444,/{segment}/tn/nashville/,pop>=50k;top10-in-state
TN,Tennessee,city,Core,New South Memphis,641608,35.08676,-90.05676,/{segment}/tn/new-south-memphis/,pop>=50k;top10-in-state
TN,Tennessee,city,Core,Memphis,633104,35.14953,-90.04898,/{segment}/tn/memphis/,pop>=50k;top10-in-state
TN,Tennessee,city,Core,Knoxville,190740,35.96064,-83.92074,/{segment}/tn/knoxville/,pop>=50k;top10-in-state
TN,Tennessee,city,Core,Chattanooga,181099,35.04563,-85.30968,/{segment}/tn/chattanooga/,pop>=50k;top10-in-state
TN,Tennessee,city,Core,Clarksville,166722,36.52977,-87.35945,/{segment}/tn/clarksville/,pop>=50k;top10-in-state
TN,Tennessee,city,Core,Murfreesboro,165430,35.84562,-86.39027,/{segment}/tn/murfreesboro/,pop>=50k;top10-in-state
TN,Tennessee,city,Core,East Chattanooga,154024,35.06535,-85.24912,/{segment}/tn/east-chattanooga/,pop>=50k;top10-in-state
TN,Tennessee,city,Core,Franklin,72639,35.92506,-86.86889,/{segment}/tn/franklin/,pop>=50k;top10-in-state
TN,Tennessee,city,Core,Cordova,68779,35.15565,-89.7762,/{segment}/tn/cordova/,pop>=50k;top10-in-state
TN,Tennessee,city,Core,Jackson,66975,35.61452,-88.81395,/{segment}/tn/jackson/,pop>=50k
TN,Tennessee,city,Core,Johnson City,66027,36.31344,-82.35347,/{segment}/tn/johnson-city/,pop>=50k
TN,Tennessee,city,Core,Bartlett,58579,35.20453,-89.87398,/{segment}/tn/bartlett/,pop>=50k
TN,Tennessee,city,Core,Hendersonville,56018,36.30477,-86.62,/{segment}/tn/hendersonville/,pop>=50k
TN,Tennessee,city,Core,Kingsport,53014,36.54843,-82.56182,/{segment}/tn/kingsport/,pop>=50k
TN,Tennessee,city,Extended,Collierville,48863,35.04204,-89.66453,/{segment}/tn/collierville/,tier1-corridor-state
TN,Tennessee,city,Extended,Smyrna,46607,35.98284,-86.5186,/{segment}/tn/smyrna/,tier1-corridor-state
TN,Tennessee,city,Extended,Cleveland,43898,35.15952,-84.87661,/{segment}/tn/cleveland/,tier1-corridor-state
TN,Tennessee,city,Extended,Brentwood,41763,36.03312,-86.78278,/{segment}/tn/brentwood/,tier1-corridor-state
TN,Tennessee,city,Extended,Germantown,39240,35.08676,-89.81009,/{segment}/tn/germantown/,tier1-corridor-state
TN,Tennessee,city,Extended,Hermitage,37814,36.19617,-86.6225,/{segment}/tn/hermitage/,tier1-corridor-state
TN,Tennessee,city,Extended,Columbia,36800,35.61507,-87.03528,/{segment}/tn/columbia/,tier1-corridor-state
TN,Tennessee,city,Extended,Spring Hill,36055,35.75118,-86.93,/{segment}/tn/spring-hill/,tier1-corridor-state
TN,Tennessee,city,Extended,La Vergne,34794,36.01562,-86.58194,/{segment}/tn/la-vergne/,tier1-corridor-state
TN,Tennessee,city,Extended,Gallatin,34334,36.38838,-86.44666,/{segment}/tn/gallatin/,tier1-corridor-state
TN,Tennessee,city,Extended,Cookeville,32113,36.16284,-85.50164,/{segment}/tn/cookeville/,tier1-corridor-state
TN,Tennessee,city,Extended,Mount Juliet,31540,36.20005,-86.51861,/{segment}/tn/mount-juliet/,tier1-corridor-state
TN,Tennessee,city,Extended,Brentwood Estates,31279,36.02506,-86.77917,/{segment}/tn/brentwood-estates/,tier1-corridor-state
TN,Tennessee,city,Extended,Lebanon,30262,36.20811,-86.2911,/{segment}/tn/lebanon/,tier1-corridor-state
TN,Tennessee,city,Extended,Morristown,29478,36.21398,-83.29489,/{segment}/tn/morristown/,tier1-corridor-state
TN,Tennessee,city,Extended,Oak Ridge,29302,36.01036,-84.26964,/{segment}/tn/oak-ridge/,tier1-corridor-state
TN,Tennessee,city,Extended,Maryville,28464,35.75647,-83.97046,/{segment}/tn/maryville/,tier1-corridor-state
TN,Tennessee,city,Extended,Bristol,26666,36.59511,-82.18874,/{segment}/tn/bristol/,tier1-corridor-state
TN,Tennessee,city,Extended,Ellendale,25882,35.23064,-89.82592,/{segment}/tn/ellendale/,tier1-corridor-state
TN,Tennessee,corridor,Extended,I-24 (Tennessee),,,,/{segment}/corridors/i-24/tn/,tier2-freight-corridor; route-page-only
TN,Tennessee,corridor,Extended,I-26 (Tennessee),,,,/{segment}/corridors/i-26/tn/,tier2-freight-corridor; route-page-only
TN,Tennessee,corridor,Core,I-40 (Tennessee),,,,/{segment}/corridors/i-40/tn/,tier1-freight-corridor; full-exit-coverage
TN,Tennessee,corridor,Extended,I-55 (Tennessee),,,,/{segment}/corridors/i-55/tn/,tier2-freight-corridor; route-page-only
TN,Tennessee,corridor,Extended,I-59 (Tennessee),,,,/{segment}/corridors/i-59/tn/,tier2-freight-corridor; route-page-only
TN,Tennessee,corridor,Extended,I-65 (Tennessee),,,,/{segment}/corridors/i-65/tn/,tier2-freight-corridor; route-page-only
TN,Tennessee,corridor,Extended,I-69 (Tennessee),,,,/{segment}/corridors/i-69/tn/,tier2-freight-corridor; route-page-only
TN,Tennessee,corridor,Core,I-75 (Tennessee),,,,/{segment}/corridors/i-75/tn/,tier1-freight-corridor; full-exit-coverage
TN,Tennessee,corridor,Extended,I-81 (Tennessee),,,,/{segment}/corridors/i-81/tn/,tier2-freight-corridor; route-page-only
TX,Texas,city,Core,Houston,2314157,29.76328,-95.36327,/{segment}/tx/houston/,pop>=50k;top10-in-state
TX,Texas,city,Core,San Antonio,1526656,29.42412,-98.49363,/{segment}/tx/san-antonio/,pop>=50k;top10-in-state
TX,Texas,city,Core,Dallas,1326087,32.78306,-96.80667,/{segment}/tx/dallas/,pop>=50k;top10-in-state
TX,Texas,city,Core,Fort Worth,1008106,32.72541,-97.32085,/{segment}/tx/fort-worth/,pop>=50k;top10-in-state
TX,Texas,city,Core,Austin,974447,30.26715,-97.74306,/{segment}/tx/austin/,pop>=50k;top10-in-state
TX,Texas,city,Core,El Paso,678815,31.75872,-106.48693,/{segment}/tx/el-paso/,pop>=50k;top10-in-state
TX,Texas,city,Core,Arlington,388125,32.73569,-97.10807,/{segment}/tx/arlington/,pop>=50k;top10-in-state
TX,Texas,city,Core,Corpus Christi,316239,27.80058,-97.39638,/{segment}/tx/corpus-christi/,pop>=50k;top10-in-state
TX,Texas,city,Core,Plano,283558,33.01984,-96.69889,/{segment}/tx/plano/,pop>=50k;top10-in-state
TX,Texas,city,Core,Laredo,256153,27.50641,-99.50754,/{segment}/tx/laredo/,pop>=50k;top10-in-state
TX,Texas,city,Core,Lubbock,249042,33.57786,-101.85517,/{segment}/tx/lubbock/,pop>=50k
TX,Texas,city,Core,Garland,236897,32.91262,-96.63888,/{segment}/tx/garland/,pop>=50k
TX,Texas,city,Core,Irving,236607,32.81402,-96.94889,/{segment}/tx/irving/,pop>=50k
TX,Texas,city,Core,Cypress,200839,29.96911,-95.69717,/{segment}/tx/cypress/,pop>=50k
TX,Texas,city,Core,Amarillo,198645,35.222,-101.8313,/{segment}/tx/amarillo/,pop>=50k
TX,Texas,city,Core,Grand Prairie,187809,32.74596,-96.99778,/{segment}/tx/grand-prairie/,pop>=50k
TX,Texas,city,Core,Brownsville,186738,25.90175,-97.49748,/{segment}/tx/brownsville/,pop>=50k
TX,Texas,city,Core,McKinney,162898,33.19762,-96.61527,/{segment}/tx/mckinney/,pop>=50k
TX,Texas,city,Core,Frisco,154407,33.15067,-96.82361,/{segment}/tx/frisco/,pop>=50k
TX,Texas,city,Core,Pasadena,153784,29.69106,-95.2091,/{segment}/tx/pasadena/,pop>=50k
TX,Texas,city,Core,Mesquite,144788,32.7668,-96.59916,/{segment}/tx/mesquite/,pop>=50k
TX,Texas,city,Core,Killeen,140806,31.11712,-97.7278,/{segment}/tx/killeen/,pop>=50k
TX,Texas,city,Core,McAllen,140269,26.20341,-98.23001,/{segment}/tx/mcallen/,pop>=50k
TX,Texas,city,Core,Carrollton,133168,32.95373,-96.89028,/{segment}/tx/carrollton/,pop>=50k
TX,Texas,city,Core,Midland,132524,31.99735,-102.07791,/{segment}/tx/midland/,pop>=50k
TX,Texas,city,Core,Waco,132356,31.54933,-97.14667,/{segment}/tx/waco/,pop>=50k
TX,Texas,city,Core,Denton,131044,33.21484,-97.13307,/{segment}/tx/denton/,pop>=50k
TX,Texas,city,Core,Abilene,125182,32.44874,-99.73314,/{segment}/tx/abilene/,pop>=50k
TX,Texas,city,Core,Round Rock,115997,30.50826,-97.6789,/{segment}/tx/round-rock/,pop>=50k
TX,Texas,city,Core,Beaumont,115282,30.08605,-94.10185,/{segment}/tx/beaumont/,pop>=50k
TX,Texas,city,Core,Odessa,114428,31.84568,-102.36764,/{segment}/tx/odessa/,pop>=50k
TX,Texas,city,Core,Richardson,110815,32.94818,-96.72972,/{segment}/tx/richardson/,pop>=50k
TX,Texas,city,Core,Pearland,108821,29.56357,-95.28605,/{segment}/tx/pearland/,pop>=50k
TX,Texas,city,Core,College Station,107889,30.62798,-96.33441,/{segment}/tx/college-station/,pop>=50k
TX,Texas,city,Core,Wichita Falls,104710,33.91371,-98.49339,/{segment}/tx/wichita-falls/,pop>=50k
TX,Texas,city,Core,Lewisville,104039,33.04623,-96.99417,/{segment}/tx/lewisville/,pop>=50k
TX,Texas,city,Core,Tyler,103700,32.35126,-95.30106,/{segment}/tx/tyler/,pop>=50k
TX,Texas,city,Core,San Angelo,99893,31.46377,-100.43704,/{segment}/tx/san-angelo/,pop>=50k
TX,Texas,city,Core,Alief,98725,29.71106,-95.59633,/{segment}/tx/alief/,pop>=50k
TX,Texas,city,Core,League City,98312,29.50745,-95.09493,/{segment}/tx/league-city/,pop>=50k
TX,Texas,city,Core,Allen,98143,33.10317,-96.67055,/{segment}/tx/allen/,pop>=50k
TX,Texas,city,Core,The Woodlands,93847,30.15799,-95.48938,/{segment}/tx/the-woodlands/,pop>=50k
TX,Texas,city,Core,Sugar Land,88156,29.61968,-95.63495,/{segment}/tx/sugar-land/,pop>=50k
TX,Texas,city,Core,Edinburg,84497,26.30174,-98.16334,/{segment}/tx/edinburg/,pop>=50k
TX,Texas,city,Core,Mission,83298,26.21591,-98.32529,/{segment}/tx/mission/,pop>=50k
TX,Texas,city,Core,Longview,82287,32.5007,-94.74049,/{segment}/tx/longview/,pop>=50k
TX,Texas,city,Core,Bryan,82118,30.67436,-96.36996,/{segment}/tx/bryan/,pop>=50k
TX,Texas,city,Core,Pharr,76538,26.1948,-98.18362,/{segment}/tx/pharr/,pop>=50k
TX,Texas,city,Core,Baytown,76335,29.7355,-94.97743,/{segment}/tx/baytown/,pop>=50k
TX,Texas,city,Core,Missouri City,74139,29.61857,-95.53772,/{segment}/tx/missouri-city/,pop>=50k
TX,Texas,city,Core,Temple,72277,31.09823,-97.34278,/{segment}/tx/temple/,pop>=50k
TX,Texas,city,Core,Flower Mound,71253,33.01457,-97.09696,/{segment}/tx/flower-mound/,pop>=50k
TX,Texas,city,Core,New Braunfels,70543,29.703,-98.12445,/{segment}/tx/new-braunfels/,pop>=50k
TX,Texas,city,Core,North Richland Hills,69204,32.8343,-97.2289,/{segment}/tx/north-richland-hills/,pop>=50k
TX,Texas,city,Core,Conroe,68602,30.31188,-95.45605,/{segment}/tx/conroe/,pop>=50k
TX,Texas,city,Core,Victoria,67574,28.80527,-97.0036,/{segment}/tx/victoria/,pop>=50k
TX,Texas,city,Core,Cedar Park,65945,30.5052,-97.82029,/{segment}/tx/cedar-park/,pop>=50k
TX,Texas,city,Core,Atascocita,65844,29.99883,-95.1766,/{segment}/tx/atascocita/,pop>=50k
TX,Texas,city,Core,Harlingen,65774,26.19063,-97.6961,/{segment}/tx/harlingen/,pop>=50k
TX,Texas,city,Core,Mansfield,64274,32.56319,-97.14168,/{segment}/tx/mansfield/,pop>=50k
TX,Texas,city,Core,Georgetown,63716,30.63269,-97.67723,/{segment}/tx/georgetown/,pop>=50k
TX,Texas,city,Core,San Marcos,60684,29.88327,-97.94139,/{segment}/tx/san-marcos/,pop>=50k
TX,Texas,city,Core,Rowlett,60236,32.9029,-96.56388,/{segment}/tx/rowlett/,pop>=50k
TX,Texas,city,Core,Pflugerville,57122,30.43937,-97.62,/{segment}/tx/pflugerville/,pop>=50k
TX,Texas,city,Core,Port Arthur,55340,29.88519,-93.94233,/{segment}/tx/port-arthur/,pop>=50k
TX,Texas,city,Core,Spring,54298,30.07994,-95.41716,/{segment}/tx/spring/,pop>=50k
TX,Texas,city,Core,Euless,54219,32.83707,-97.08195,/{segment}/tx/euless/,pop>=50k
TX,Texas,city,Core,University of Texas,53082,30.28604,-97.73889,/{segment}/tx/university-of-texas/,pop>=50k
TX,Texas,city,Core,DeSoto,52486,32.58986,-96.85695,/{segment}/tx/desoto/,pop>=50k
TX,Texas,city,Core,Grapevine,51404,32.93429,-97.07807,/{segment}/tx/grapevine/,pop>=50k
TX,Texas,city,Core,Galveston,50180,29.30135,-94.7977,/{segment}/tx/galveston/,pop>=50k
TX,Texas,city,Extended,Bedford,49337,32.84402,-97.14307,/{segment}/tx/bedford/,tier1-corridor-state
TX,Texas,city,Extended,Cedar Hill,48507,32.58847,-96.95612,/{segment}/tx/cedar-hill/,tier1-corridor-state
TX,Texas,city,Extended,Texas City,47618,29.38385,-94.9027,/{segment}/tx/texas-city/,tier1-corridor-state
TX,Texas,city,Extended,Wylie,46708,33.01512,-96.53888,/{segment}/tx/wylie/,tier1-corridor-state
TX,Texas,city,Extended,Keller,45758,32.93457,-97.25168,/{segment}/tx/keller/,tier1-corridor-state
TX,Texas,city,Extended,Haltom City,44206,32.79957,-97.26918,/{segment}/tx/haltom-city/,tier1-corridor-state
TX,Texas,city,Extended,Burleson,43625,32.54208,-97.32085,/{segment}/tx/burleson/,tier1-corridor-state
TX,Texas,city,Extended,Schertz,43091,29.55217,-98.26973,/{segment}/tx/schertz/,tier1-corridor-state
TX,Texas,city,Extended,Rockwall,42566,32.93123,-96.45971,/{segment}/tx/rockwall/,tier1-corridor-state
TX,Texas,city,Extended,The Colony,41779,33.08901,-96.88639,/{segment}/tx/the-colony/,tier1-corridor-state
TX,Texas,city,Extended,Coppell,41159,32.95457,-97.01501,/{segment}/tx/coppell/,tier1-corridor-state
TX,Texas,city,Extended,Huntsville,40938,30.72353,-95.55078,/{segment}/tx/huntsville/,tier1-corridor-state
TX,Texas,city,Extended,Sherman,40667,33.63566,-96.60888,/{segment}/tx/sherman/,tier1-corridor-state
TX,Texas,city,Extended,Duncanville,39826,32.6518,-96.90834,/{segment}/tx/duncanville/,tier1-corridor-state
TX,Texas,city,Extended,Weslaco,39474,26.15952,-97.99084,/{segment}/tx/weslaco/,tier1-corridor-state
TX,Texas,city,Extended,Hurst,39016,32.82346,-97.17057,/{segment}/tx/hurst/,tier1-corridor-state
TX,Texas,city,Extended,Lancaster,38801,32.59208,-96.75611,/{segment}/tx/lancaster/,tier1-corridor-state
TX,Texas,city,Extended,Friendswood,38800,29.5294,-95.20104,/{segment}/tx/friendswood/,tier1-corridor-state
TX,Texas,city,Extended,Little Elm,38341,33.16262,-96.93751,/{segment}/tx/little-elm/,tier1-corridor-state
TX,Texas,city,Extended,Channelview,38289,29.77606,-95.11465,/{segment}/tx/channelview/,tier1-corridor-state
TX,Texas,city,Extended,Leander,37889,30.57881,-97.85307,/{segment}/tx/leander/,tier1-corridor-state
TX,Texas,city,Extended,Texarkana,37280,33.42513,-94.04769,/{segment}/tx/texarkana/,tier1-corridor-state
TX,Texas,city,Extended,San Juan,36556,26.18924,-98.15529,/{segment}/tx/san-juan/,tier1-corridor-state
TX,Texas,city,Extended,Mission Bend,36501,29.69384,-95.66495,/{segment}/tx/mission-bend/,tier1-corridor-state
TX,Texas,city,Extended,Lufkin,36333,31.33824,-94.7291,/{segment}/tx/lufkin/,tier1-corridor-state
TX,Texas,city,Extended,Del Rio,36153,29.36273,-100.89676,/{segment}/tx/del-rio/,tier1-corridor-state
TX,Texas,city,Extended,Kyle,35733,29.98911,-97.87723,/{segment}/tx/kyle/,tier1-corridor-state
TX,Texas,city,Extended,Rosenberg,35510,29.55718,-95.80856,/{segment}/tx/rosenberg/,tier1-corridor-state
TX,Texas,city,Extended,La Porte,35148,29.66578,-95.01937,/{segment}/tx/la-porte/,tier1-corridor-state
TX,Texas,city,Extended,Nacogdoches,33894,31.60351,-94.65549,/{segment}/tx/nacogdoches/,tier1-corridor-state
TX,Texas,city,Extended,Deer Park,33806,29.70523,-95.12382,/{segment}/tx/deer-park/,tier1-corridor-state
TX,Texas,city,Extended,Cibolo,33433,29.56162,-98.22696,/{segment}/tx/cibolo/,tier1-corridor-state
TX,Texas,city,Extended,Waxahachie,33384,32.38653,-96.84833,/{segment}/tx/waxahachie/,tier1-corridor-state
TX,Texas,city,Extended,Socorro,33222,31.65456,-106.30331,/{segment}/tx/socorro/,tier1-corridor-state
TX,Texas,city,Extended,Copperas Cove,33081,31.12406,-97.90308,/{segment}/tx/copperas-cove/,tier1-corridor-state
TX,Texas,city,Extended,Farmers Branch,32689,32.92651,-96.89612,/{segment}/tx/farmers-branch/,tier1-corridor-state
TX,Texas,city,Extended,Cleburne,30020,32.34764,-97.38668,/{segment}/tx/cleburne/,tier1-corridor-state
TX,Texas,city,Extended,Southlake,29941,32.94124,-97.13418,/{segment}/tx/southlake/,tier1-corridor-state
TX,Texas,city,Extended,Fort Cavazos,29589,31.13489,-97.77561,/{segment}/tx/fort-cavazos/,tier1-corridor-state
TX,Texas,city,Extended,Harker Heights,29142,31.08351,-97.65974,/{segment}/tx/harker-heights/,tier1-corridor-state
TX,Texas,city,Extended,Big Spring,28862,32.2504,-101.47874,/{segment}/tx/big-spring/,tier1-corridor-state
TX,Texas,city,Extended,Eagle Pass,28765,28.70914,-100.49952,/{segment}/tx/eagle-pass/,tier1-corridor-state
TX,Texas,city,Extended,Weatherford,28742,32.7593,-97.79725,/{segment}/tx/weatherford/,tier1-corridor-state
TX,Texas,city,Extended,Socorro Mission Number 1 Colonia,28637,31.63622,-106.29054,/{segment}/tx/socorro-mission-number-1-colonia/,tier1-corridor-state
TX,Texas,city,Extended,Seguin,27864,29.56884,-97.96473,/{segment}/tx/seguin/,tier1-corridor-state
TX,Texas,city,Extended,Lake Jackson,27533,29.03386,-95.43439,/{segment}/tx/lake-jackson/,tier1-corridor-state
TX,Texas,city,Extended,Greenville,26515,33.13845,-96.11081,/{segment}/tx/greenville/,tier1-corridor-state
TX,Texas,city,Extended,Kingsville,26225,27.51587,-97.85611,/{segment}/tx/kingsville/,tier1-corridor-state
TX,Texas,city,Extended,Alvin,25791,29.42385,-95.2441,/{segment}/tx/alvin/,tier1-corridor-state
TX,Texas,city,Extended,Colleyville,25487,32.88096,-97.15501,/{segment}/tx/colleyville/,tier1-corridor-state
TX,Texas,city,Extended,Balch Springs,25210,32.72874,-96.62277,/{segment}/tx/balch-springs/,tier1-corridor-state
TX,Texas,city,Extended,Paris,24782,33.66094,-95.55551,/{segment}/tx/paris/,tier1-corridor-state
TX,Texas,corridor,Core,I-10 (Texas),,,,/{segment}/corridors/i-10/tx/,tier1-freight-corridor; full-exit-coverage
TX,Texas,corridor,Core,I-20 (Texas),,,,/{segment}/corridors/i-20/tx/,tier1-freight-corridor; full-exit-coverage
TX,Texas,corridor,Extended,I-27 (Texas),,,,/{segment}/corridors/i-27/tx/,tier2-freight-corridor; route-page-only
TX,Texas,corridor,Extended,I-30 (Texas),,,,/{segment}/corridors/i-30/tx/,tier2-freight-corridor; route-page-only
TX,Texas,corridor,Core,I-35 (Texas),,,,/{segment}/corridors/i-35/tx/,tier1-freight-corridor; full-exit-coverage
TX,Texas,corridor,Extended,I-37 (Texas),,,,/{segment}/corridors/i-37/tx/,tier2-freight-corridor; route-page-only
TX,Texas,corridor,Core,I-40 (Texas),,,,/{segment}/corridors/i-40/tx/,tier1-freight-corridor; full-exit-coverage
TX,Texas,corridor,Extended,I-44 (Texas),,,,/{segment}/corridors/i-44/tx/,tier2-freight-corridor; route-page-only
TX,Texas,corridor,Extended,I-45 (Texas),,,,/{segment}/corridors/i-45/tx/,tier2-freight-corridor; route-page-only
TX,Texas,corridor,Extended,I-69 (Texas),,,,/{segment}/corridors/i-69/tx/,tier2-freight-corridor; route-page-only
UT,Utah,city,Core,Salt Lake City,215548,40.76078,-111.89105,/{segment}/ut/salt-lake-city/,pop>=50k;top10-in-state
UT,Utah,city,Core,West Valley City,136208,40.69161,-112.00105,/{segment}/ut/west-valley-city/,pop>=50k;top10-in-state
UT,Utah,city,Core,Provo,115162,40.23384,-111.65853,/{segment}/ut/provo/,pop>=50k;top10-in-state
UT,Utah,city,Core,West Jordan,111946,40.60967,-111.9391,/{segment}/ut/west-jordan/,pop>=50k;top10-in-state
UT,Utah,city,Core,Orem,94457,40.2969,-111.69465,/{segment}/ut/orem/,pop>=50k;top10-in-state
UT,Utah,city,Core,Sandy Hills,89575,40.58106,-111.85077,/{segment}/ut/sandy-hills/,pop>=50k;top10-in-state
UT,Utah,city,Core,Sandy,87461,40.59161,-111.8841,/{segment}/ut/sandy/,pop>=50k;top10-in-state
UT,Utah,city,Core,Ogden,85444,41.223,-111.97383,/{segment}/ut/ogden/,pop>=50k;top10-in-state
UT,Utah,city,Core,Layton,74143,41.06022,-111.97105,/{segment}/ut/layton/,pop>=50k;top10-in-state
UT,Utah,city,Core,Saint George,72897,37.10415,-113.58412,/{segment}/ut/saint-george/,pop>=50k;top10-in-state
UT,Utah,city,Core,South Jordan,66648,40.56217,-111.92966,/{segment}/ut/south-jordan/,pop>=50k
UT,Utah,city,Core,Millcreek,62139,40.68689,-111.87549,/{segment}/ut/millcreek/,pop>=50k
UT,Utah,city,Core,Taylorsville,60514,40.66772,-111.93883,/{segment}/ut/taylorsville/,pop>=50k
UT,Utah,city,Core,Lehi,58486,40.39162,-111.85077,/{segment}/ut/lehi/,pop>=50k
UT,Utah,city,Core,Logan,50371,41.73549,-111.83439,/{segment}/ut/logan/,pop>=50k
UT,Utah,city,Extended,Murray,49250,40.66689,-111.88799,/{segment}/ut/murray/,tier1-corridor-state
UT,Utah,city,Extended,Draper,46774,40.52467,-111.86382,/{segment}/ut/draper/,tier1-corridor-state
UT,Utah,city,Extended,Bountiful,43784,40.88939,-111.88077,/{segment}/ut/bountiful/,tier1-corridor-state
UT,Utah,city,Extended,Riverton,41900,40.52189,-111.9391,/{segment}/ut/riverton/,tier1-corridor-state
UT,Utah,city,Extended,Pleasant Grove,38052,40.36412,-111.73854,/{segment}/ut/pleasant-grove/,tier1-corridor-state
UT,Utah,city,Extended,Roy,37964,41.16161,-112.02633,/{segment}/ut/roy/,tier1-corridor-state
UT,Utah,city,Extended,Spanish Fork,37935,40.11496,-111.65492,/{segment}/ut/spanish-fork/,tier1-corridor-state
UT,Utah,city,Extended,South Jordan Heights,37141,40.56384,-111.94938,/{segment}/ut/south-jordan-heights/,tier1-corridor-state
UT,Utah,city,Extended,Kearns,35731,40.65995,-111.99633,/{segment}/ut/kearns/,tier1-corridor-state
UT,Utah,city,Extended,Cottonwood Heights,34343,40.61967,-111.81021,/{segment}/ut/cottonwood-heights/,tier1-corridor-state
UT,Utah,city,Extended,Tooele,33157,40.53078,-112.29828,/{segment}/ut/tooele/,tier1-corridor-state
UT,Utah,city,Extended,Midvale,32613,40.61106,-111.89994,/{segment}/ut/midvale/,tier1-corridor-state
UT,Utah,city,Extended,Springville,32286,40.16523,-111.61075,/{segment}/ut/springville/,tier1-corridor-state
UT,Utah,city,Extended,Holladay,30864,40.66884,-111.82466,/{segment}/ut/holladay/,tier1-corridor-state
UT,Utah,city,Extended,Herriman,30835,40.51411,-112.03299,/{segment}/ut/herriman/,tier1-corridor-state
UT,Utah,city,Extended,Clearfield,30653,41.11078,-112.02605,/{segment}/ut/clearfield/,tier1-corridor-state
UT,Utah,city,Extended,Kaysville,30472,41.03522,-111.93855,/{segment}/ut/kaysville/,tier1-corridor-state
UT,Utah,city,Extended,Cedar City,30184,37.67748,-113.06189,/{segment}/ut/cedar-city/,tier1-corridor-state
UT,Utah,city,Extended,American Fork,28326,40.3769,-111.79576,/{segment}/ut/american-fork/,tier1-corridor-state
UT,Utah,city,Extended,Syracuse,27395,41.08939,-112.06467,/{segment}/ut/syracuse/,tier1-corridor-state
UT,Utah,city,Extended,Eagle Mountain,27332,40.31412,-112.00688,/{segment}/ut/eagle-mountain/,tier1-corridor-state
UT,Utah,city,Extended,Magna,26505,40.70911,-112.10161,/{segment}/ut/magna/,tier1-corridor-state
UT,Utah,city,Extended,Saratoga Springs,25407,40.34912,-111.90466,/{segment}/ut/saratoga-springs/,tier1-corridor-state
UT,Utah,city,Extended,South Salt Lake,24788,40.71884,-111.88827,/{segment}/ut/south-salt-lake/,tier1-corridor-state
UT,Utah,corridor,Core,I-15 (Utah),,,,/{segment}/corridors/i-15/ut/,tier1-freight-corridor; full-exit-coverage
UT,Utah,corridor,Core,I-70 (Utah),,,,/{segment}/corridors/i-70/ut/,tier1-freight-corridor; full-exit-coverage
UT,Utah,corridor,Core,I-80 (Utah),,,,/{segment}/corridors/i-80/ut/,tier1-freight-corridor; full-exit-coverage
UT,Utah,corridor,Extended,I-84 (Utah),,,,/{segment}/corridors/i-84/ut/,tier2-freight-corridor; route-page-only
VA,Virginia,city,Core,Virginia Beach,454808,36.85293,-75.97799,/{segment}/va/virginia-beach/,pop>=50k;top10-in-state
VA,Virginia,city,Core,Norfolk,238005,36.84681,-76.28522,/{segment}/va/norfolk/,pop>=50k;top10-in-state
VA,Virginia,city,Core,Chesapeake,235429,36.81904,-76.27494,/{segment}/va/chesapeake/,pop>=50k;top10-in-state
VA,Virginia,city,Core,Richmond,226610,37.55376,-77.46026,/{segment}/va/richmond/,pop>=50k;top10-in-state
VA,Virginia,city,Core,Arlington,207627,38.88101,-77.10428,/{segment}/va/arlington/,pop>=50k;top10-in-state
VA,Virginia,city,Core,Newport News,186247,36.98038,-76.42975,/{segment}/va/newport-news/,pop>=50k;top10-in-state
VA,Virginia,city,Core,Alexandria,159467,38.80484,-77.04692,/{segment}/va/alexandria/,pop>=50k;top10-in-state
VA,Virginia,city,Core,East Hampton,147993,37.03737,-76.33161,/{segment}/va/east-hampton/,pop>=50k;top10-in-state
VA,Virginia,city,Core,Hampton,137148,37.02987,-76.34522,/{segment}/va/hampton/,pop>=50k;top10-in-state
VA,Virginia,city,Core,Roanoke,100011,37.27097,-79.94143,/{segment}/va/roanoke/,pop>=50k;top10-in-state
VA,Virginia,city,Core,Portsmouth Heights,99049,36.82098,-76.36883,/{segment}/va/portsmouth-heights/,pop>=50k
VA,Virginia,city,Core,Portsmouth,96201,36.83543,-76.29827,/{segment}/va/portsmouth/,pop>=50k
VA,Virginia,city,Core,Suffolk,88161,36.72836,-76.58496,/{segment}/va/suffolk/,pop>=50k
VA,Virginia,city,Core,South Suffolk,80690,36.71709,-76.59023,/{segment}/va/south-suffolk/,pop>=50k
VA,Virginia,city,Core,Lynchburg,79812,37.41375,-79.14225,/{segment}/va/lynchburg/,pop>=50k
VA,Virginia,city,Core,Centreville,71135,38.84039,-77.42888,/{segment}/va/centreville/,pop>=50k
VA,Virginia,city,Core,Dale City,65969,38.63706,-77.31109,/{segment}/va/dale-city/,pop>=50k
VA,Virginia,city,Core,West Lynchburg,65517,37.4032,-79.17808,/{segment}/va/west-lynchburg/,pop>=50k
VA,Virginia,city,Core,Reston,58404,38.96872,-77.3411,/{segment}/va/reston/,pop>=50k
VA,Virginia,city,Core,Harrisonburg,52538,38.44957,-78.86892,/{segment}/va/harrisonburg/,pop>=50k
VA,Virginia,city,Core,Leesburg,51209,39.11566,-77.5636,/{segment}/va/leesburg/,pop>=50k
VA,Virginia,city,Extended,McLean,48115,38.93428,-77.17748,/{segment}/va/mclean/,tier1-corridor-state
VA,Virginia,city,Extended,Charlottesville,46597,38.02931,-78.47668,/{segment}/va/charlottesville/,tier1-corridor-state
VA,Virginia,city,Extended,Tuckahoe,44990,37.59015,-77.55638,/{segment}/va/tuckahoe/,tier1-corridor-state
VA,Virginia,city,Extended,Blacksburg,44215,37.22957,-80.41394,/{segment}/va/blacksburg/,tier1-corridor-state
VA,Virginia,city,Extended,Ashburn,43511,39.04372,-77.48749,/{segment}/va/ashburn/,tier1-corridor-state
VA,Virginia,city,Extended,Danville,42082,36.58597,-79.39502,/{segment}/va/danville/,tier1-corridor-state
VA,Virginia,city,Extended,Manassas,41764,38.75095,-77.47527,/{segment}/va/manassas/,tier1-corridor-state
VA,Virginia,city,Extended,Lake Ridge,41058,38.68789,-77.29776,/{segment}/va/lake-ridge/,tier1-corridor-state
VA,Virginia,city,Extended,Burke,41055,38.79345,-77.27165,/{segment}/va/burke/,tier1-corridor-state
VA,Virginia,city,Extended,Annandale,41008,38.83039,-77.19637,/{segment}/va/annandale/,tier1-corridor-state
VA,Virginia,city,Extended,Mechanicsville,36348,37.60876,-77.37331,/{segment}/va/mechanicsville/,tier1-corridor-state
VA,Virginia,city,Extended,Linton Hall,35725,38.75984,-77.57499,/{segment}/va/linton-hall/,tier1-corridor-state
VA,Virginia,city,Extended,Oakton,34166,38.88095,-77.30082,/{segment}/va/oakton/,tier1-corridor-state
VA,Virginia,city,Extended,Oak Hill,33811,38.9258,-77.40156,/{segment}/va/oak-hill/,tier1-corridor-state
VA,Virginia,city,Extended,Petersburg,32477,37.22793,-77.40193,/{segment}/va/petersburg/,tier1-corridor-state
VA,Virginia,city,Extended,Springfield,30484,38.78928,-77.1872,/{segment}/va/springfield/,tier1-corridor-state
VA,Virginia,city,Extended,West Falls Church,29207,38.86484,-77.18787,/{segment}/va/west-falls-church/,tier1-corridor-state
VA,Virginia,city,Extended,Fredericksburg,28118,38.30318,-77.46054,/{segment}/va/fredericksburg/,tier1-corridor-state
VA,Virginia,city,Extended,Sterling,27822,39.00622,-77.4286,/{segment}/va/sterling/,tier1-corridor-state
VA,Virginia,city,Extended,Winchester,27284,39.18566,-78.16333,/{segment}/va/winchester/,tier1-corridor-state
VA,Virginia,city,Extended,Salem,25432,37.29347,-80.05476,/{segment}/va/salem/,tier1-corridor-state
VA,Virginia,city,Extended,Cave Spring,24922,37.22764,-80.01282,/{segment}/va/cave-spring/,tier1-corridor-state
VA,Virginia,corridor,Extended,I-64 (Virginia),,,,/{segment}/corridors/i-64/va/,tier2-freight-corridor; route-page-only
VA,Virginia,corridor,Extended,I-77 (Virginia),,,,/{segment}/corridors/i-77/va/,tier2-freight-corridor; route-page-only
VA,Virginia,corridor,Extended,I-81 (Virginia),,,,/{segment}/corridors/i-81/va/,tier2-freight-corridor; route-page-only
VA,Virginia,corridor,Core,I-85 (Virginia),,,,/{segment}/corridors/i-85/va/,tier1-freight-corridor; full-exit-coverage
VA,Virginia,corridor,Core,I-95 (Virginia),,,,/{segment}/corridors/i-95/va/,tier1-freight-corridor; full-exit-coverage
VT,Vermont,city,Extended,Burlington,42452,44.47588,-73.21207,/{segment}/vt/burlington/,top10-in-state
VT,Vermont,city,Extended,South Burlington,18791,44.46699,-73.17096,/{segment}/vt/south-burlington/,top10-in-state
VT,Vermont,city,Extended,Colchester,16986,44.54394,-73.14791,/{segment}/vt/colchester/,top10-in-state
VT,Vermont,city,Extended,Rutland,15824,43.61062,-72.97261,/{segment}/vt/rutland/,top10-in-state
VT,Vermont,corridor,Extended,I-89 (Vermont),,,,/{segment}/corridors/i-89/vt/,tier2-freight-corridor; route-page-only
VT,Vermont,corridor,Extended,I-91 (Vermont),,,,/{segment}/corridors/i-91/vt/,tier2-freight-corridor; route-page-only
VT,Vermont,corridor,Extended,I-93 (Vermont),,,,/{segment}/corridors/i-93/vt/,tier2-freight-corridor; route-page-only
WA,Washington,city,Core,Seattle,780995,47.60621,-122.33207,/{segment}/wa/seattle/,pop>=50k;top10-in-state
WA,Washington,city,Core,Tri-Cities,244036,46.2454,-119.19617,/{segment}/wa/tri-cities/,pop>=50k;top10-in-state
WA,Washington,city,Core,Spokane,229447,47.65966,-117.42908,/{segment}/wa/spokane/,pop>=50k;top10-in-state
WA,Washington,city,Core,Tacoma,222906,47.25288,-122.44429,/{segment}/wa/tacoma/,pop>=50k;top10-in-state
WA,Washington,city,Core,Vancouver,196442,45.63873,-122.66149,/{segment}/wa/vancouver/,pop>=50k;top10-in-state
WA,Washington,city,Core,Bellevue,139820,47.61038,-122.20068,/{segment}/wa/bellevue/,pop>=50k;top10-in-state
WA,Washington,city,Core,Kent,126952,47.38093,-122.23484,/{segment}/wa/kent/,pop>=50k;top10-in-state
WA,Washington,city,Core,Everett,108010,47.97898,-122.20208,/{segment}/wa/everett/,pop>=50k;top10-in-state
WA,Washington,city,Core,Renton,100242,47.48288,-122.21707,/{segment}/wa/renton/,pop>=50k;top10-in-state
WA,Washington,city,Core,Federal Way,95171,47.32232,-122.31262,/{segment}/wa/federal-way/,pop>=50k;top10-in-state
WA,Washington,city,Core,Spokane Valley,94919,47.67323,-117.23937,/{segment}/wa/spokane-valley/,pop>=50k
WA,Washington,city,Core,Yakima,93701,46.60207,-120.5059,/{segment}/wa/yakima/,pop>=50k
WA,Washington,city,Core,Kirkland,87281,47.68149,-122.20874,/{segment}/wa/kirkland/,pop>=50k
WA,Washington,city,Core,Bellingham,85146,48.75955,-122.48822,/{segment}/wa/bellingham/,pop>=50k
WA,Washington,city,Core,Kennewick,78896,46.21125,-119.13723,/{segment}/wa/kennewick/,pop>=50k
WA,Washington,city,Core,Auburn,77006,47.30732,-122.22845,/{segment}/wa/auburn/,pop>=50k
WA,Washington,city,Core,Pasco,69451,46.23958,-119.10057,/{segment}/wa/pasco/,pop>=50k
WA,Washington,city,Core,Marysville,66773,48.05176,-122.17708,/{segment}/wa/marysville/,pop>=50k
WA,Washington,city,Core,Redmond,60598,47.67399,-122.12151,/{segment}/wa/redmond/,pop>=50k
WA,Washington,city,Core,Lakewood,59829,47.17176,-122.51846,/{segment}/wa/lakewood/,pop>=50k
WA,Washington,city,Core,Olympia,55733,47.04491,-122.90169,/{segment}/wa/olympia/,pop>=50k
WA,Washington,city,Core,Shoreline,55439,47.75565,-122.34152,/{segment}/wa/shoreline/,pop>=50k
WA,Washington,city,Core,Richland,54248,46.28569,-119.28446,/{segment}/wa/richland/,pop>=50k
WA,Washington,city,Core,South Hill,52431,47.14121,-122.27012,/{segment}/wa/south-hill/,pop>=50k
WA,Washington,city,Core,Sammamish,52253,47.64177,-122.0804,/{segment}/wa/sammamish/,pop>=50k
WA,Washington,city,Core,Burien,50467,47.47038,-122.34679,/{segment}/wa/burien/,pop>=50k
WA,Washington,city,Extended,Lacey,46409,47.03426,-122.82319,/{segment}/wa/lacey/,tier1-corridor-state
WA,Washington,city,Extended,City of Sammamish,45780,47.60444,-122.03768,/{segment}/wa/city-of-sammamish/,tier1-corridor-state
WA,Washington,city,Extended,Bothell,42939,47.76232,-122.2054,/{segment}/wa/bothell/,tier1-corridor-state
WA,Washington,city,Extended,Edmonds,41375,47.81065,-122.37736,/{segment}/wa/edmonds/,tier1-corridor-state
WA,Washington,city,Extended,Puyallup,39659,47.18538,-122.2929,/{segment}/wa/puyallup/,tier1-corridor-state
WA,Washington,city,Extended,Bremerton,39520,47.56732,-122.63264,/{segment}/wa/bremerton/,tier1-corridor-state
WA,Washington,city,Extended,Lynnwood,36997,47.82093,-122.31513,/{segment}/wa/lynnwood/,tier1-corridor-state
WA,Washington,city,Extended,Longview,36848,46.13817,-122.93817,/{segment}/wa/longview/,tier1-corridor-state
WA,Washington,city,Extended,Issaquah,36081,47.5301,-122.03262,/{segment}/wa/issaquah/,tier1-corridor-state
WA,Washington,city,Extended,Parkland,35803,47.15538,-122.43401,/{segment}/wa/parkland/,tier1-corridor-state
WA,Washington,city,Extended,Mount Vernon,34053,48.42122,-122.33405,/{segment}/wa/mount-vernon/,tier1-corridor-state
WA,Washington,city,Extended,West Lake Sammamish,33929,47.5776,-122.10123,/{segment}/wa/west-lake-sammamish/,tier1-corridor-state
WA,Washington,city,Extended,Wenatchee,33636,47.42346,-120.31035,/{segment}/wa/wenatchee/,tier1-corridor-state
WA,Washington,city,Extended,University Place,32842,47.23565,-122.5504,/{segment}/wa/university-place/,tier1-corridor-state
WA,Washington,city,Extended,Pullman,32816,46.73127,-117.17962,/{segment}/wa/pullman/,tier1-corridor-state
WA,Washington,city,Extended,Walla Walla,32237,46.06458,-118.34302,/{segment}/wa/walla-walla/,tier1-corridor-state
WA,Washington,city,Extended,Des Moines,31221,47.40177,-122.32429,/{segment}/wa/des-moines/,tier1-corridor-state
WA,Washington,city,Extended,Lake Stevens,30886,48.0151,-122.06374,/{segment}/wa/lake-stevens/,tier1-corridor-state
WA,Washington,city,Extended,East Hill-Meridian,29878,47.41052,-122.17369,/{segment}/wa/east-hill-meridian/,tier1-corridor-state
WA,Washington,city,Extended,SeaTac,28215,47.44846,-122.29217,/{segment}/wa/seatac/,tier1-corridor-state
WA,Washington,city,Extended,Spanaway,27227,47.10399,-122.43457,/{segment}/wa/spanaway/,tier1-corridor-state
WA,Washington,city,Extended,North Creek,26410,47.81954,-122.17624,/{segment}/wa/north-creek/,tier1-corridor-state
WA,Washington,city,Extended,Opportunity,25877,47.64995,-117.23991,/{segment}/wa/opportunity/,tier1-corridor-state
WA,Washington,city,Extended,Maple Valley,25686,47.39272,-122.04641,/{segment}/wa/maple-valley/,tier1-corridor-state
WA,Washington,city,Extended,Mercer Island,25042,47.57065,-122.22207,/{segment}/wa/mercer-island/,tier1-corridor-state
WA,Washington,corridor,Core,I-5 (Washington),,,,/{segment}/corridors/i-5/wa/,tier1-freight-corridor; full-exit-coverage
WA,Washington,corridor,Core,I-90 (Washington),,,,/{segment}/corridors/i-90/wa/,tier1-freight-corridor; full-exit-coverage
WI,Wisconsin,city,Core,Milwaukee,563531,43.0389,-87.90647,/{segment}/wi/milwaukee/,pop>=50k;top10-in-state
WI,Wisconsin,city,Core,Madison,280305,43.07305,-89.40123,/{segment}/wi/madison/,pop>=50k;top10-in-state
WI,Wisconsin,city,Core,Green Bay,105207,44.51916,-88.01983,/{segment}/wi/green-bay/,pop>=50k;top10-in-state
WI,Wisconsin,city,Core,Kenosha,99858,42.58474,-87.82119,/{segment}/wi/kenosha/,pop>=50k;top10-in-state
WI,Wisconsin,city,Core,Racine,77742,42.72613,-87.78285,/{segment}/wi/racine/,pop>=50k;top10-in-state
WI,Wisconsin,city,Core,Appleton,74139,44.26193,-88.41538,/{segment}/wi/appleton/,pop>=50k;top10-in-state
WI,Wisconsin,city,Core,Waukesha,71970,43.01168,-88.23148,/{segment}/wi/waukesha/,pop>=50k;top10-in-state
WI,Wisconsin,city,Core,Eau Claire,67778,44.81135,-91.49849,/{segment}/wi/eau-claire/,pop>=50k;top10-in-state
WI,Wisconsin,city,Core,Oshkosh,66555,44.02471,-88.54261,/{segment}/wi/oshkosh/,pop>=50k;top10-in-state
WI,Wisconsin,city,Core,Janesville,64123,42.68279,-89.01872,/{segment}/wi/janesville/,pop>=50k;top10-in-state
WI,Wisconsin,city,Core,West Allis,60620,43.01668,-88.00703,/{segment}/wi/west-allis/,pop>=50k
WI,Wisconsin,city,Core,La Crosse,52306,43.80136,-91.23958,/{segment}/wi/la-crosse/,pop>=50k
WI,Wisconsin,city,Core,North La Crosse,50470,43.84635,-91.24819,/{segment}/wi/north-la-crosse/,pop>=50k
WI,Wisconsin,city,Extended,Sheboygan,48797,43.75083,-87.71453,/{segment}/wi/sheboygan/,tier1-corridor-state
WI,Wisconsin,city,Extended,Wauwatosa,47614,43.04946,-88.00759,/{segment}/wi/wauwatosa/,tier1-corridor-state
WI,Wisconsin,city,Extended,Fond du Lac,42933,43.775,-88.43883,/{segment}/wi/fond-du-lac/,tier1-corridor-state
WI,Wisconsin,city,Extended,New Berlin,39825,42.9764,-88.10842,/{segment}/wi/new-berlin/,tier1-corridor-state
WI,Wisconsin,city,Extended,Wausau,39094,44.95914,-89.63012,/{segment}/wi/wausau/,tier1-corridor-state
WI,Wisconsin,city,Extended,Brookfield,38025,43.06057,-88.10648,/{segment}/wi/brookfield/,tier1-corridor-state
WI,Wisconsin,city,Extended,Greenfield,37349,42.9614,-88.01259,/{segment}/wi/greenfield/,tier1-corridor-state
WI,Wisconsin,city,Extended,Beloit,36891,42.50835,-89.03178,/{segment}/wi/beloit/,tier1-corridor-state
WI,Wisconsin,city,Extended,Franklin,36222,42.88863,-88.03842,/{segment}/wi/franklin/,tier1-corridor-state
WI,Wisconsin,city,Extended,Menomonee Falls,36119,43.1789,-88.11731,/{segment}/wi/menomonee-falls/,tier1-corridor-state
WI,Wisconsin,city,Extended,Oak Creek,35243,42.88585,-87.86314,/{segment}/wi/oak-creek/,tier1-corridor-state
WI,Wisconsin,city,Extended,Manitowoc,33010,44.08861,-87.65758,/{segment}/wi/manitowoc/,tier1-corridor-state
WI,Wisconsin,city,Extended,Sun Prairie,32365,43.1836,-89.21373,/{segment}/wi/sun-prairie/,tier1-corridor-state
WI,Wisconsin,city,Extended,West Bend,31695,43.42528,-88.18343,/{segment}/wi/west-bend/,tier1-corridor-state
WI,Wisconsin,city,Extended,Fitchburg,27996,42.96083,-89.46984,/{segment}/wi/fitchburg/,tier1-corridor-state
WI,Wisconsin,city,Extended,Stevens Point,26604,44.52358,-89.57456,/{segment}/wi/stevens-point/,tier1-corridor-state
WI,Wisconsin,city,Extended,Superior,26579,46.72077,-92.10408,/{segment}/wi/superior/,tier1-corridor-state
WI,Wisconsin,city,Extended,Mount Pleasant,26272,42.69743,-87.85577,/{segment}/wi/mount-pleasant/,tier1-corridor-state
WI,Wisconsin,city,Extended,Neenah,25792,44.18582,-88.46261,/{segment}/wi/neenah/,tier1-corridor-state
WI,Wisconsin,corridor,Extended,I-39 (Wisconsin),,,,/{segment}/corridors/i-39/wi/,tier2-freight-corridor; route-page-only
WI,Wisconsin,corridor,Extended,I-43 (Wisconsin),,,,/{segment}/corridors/i-43/wi/,tier2-freight-corridor; route-page-only
WI,Wisconsin,corridor,Core,I-90 (Wisconsin),,,,/{segment}/corridors/i-90/wi/,tier1-freight-corridor; full-exit-coverage
WI,Wisconsin,corridor,Extended,I-94 (Wisconsin),,,,/{segment}/corridors/i-94/wi/,tier2-freight-corridor; route-page-only
WV,West Virginia,city,Extended,Huntington,48638,38.41925,-82.44515,/{segment}/wv/huntington/,top10-in-state
WV,West Virginia,city,Extended,Charleston,46838,38.34982,-81.63262,/{segment}/wv/charleston/,top10-in-state
WV,West Virginia,city,Extended,Parkersburg,30991,39.26674,-81.56151,/{segment}/wv/parkersburg/,top10-in-state
WV,West Virginia,city,Extended,Morgantown,30708,39.62953,-79.9559,/{segment}/wv/morgantown/,top10-in-state
WV,West Virginia,city,Extended,Wheeling,27648,40.06396,-80.72091,/{segment}/wv/wheeling/,top10-in-state
WV,West Virginia,corridor,Extended,I-64 (West Virginia),,,,/{segment}/corridors/i-64/wv/,tier2-freight-corridor; route-page-only
WV,West Virginia,corridor,Core,I-70 (West Virginia),,,,/{segment}/corridors/i-70/wv/,tier1-freight-corridor; full-exit-coverage
WV,West Virginia,corridor,Extended,I-77 (West Virginia),,,,/{segment}/corridors/i-77/wv/,tier2-freight-corridor; route-page-only
WV,West Virginia,corridor,Extended,I-79 (West Virginia),,,,/{segment}/corridors/i-79/wv/,tier2-freight-corridor; route-page-only
WV,West Virginia,corridor,Extended,I-81 (West Virginia),,,,/{segment}/corridors/i-81/wv/,tier2-freight-corridor; route-page-only
WY,Wyoming,city,Core,Cheyenne,65132,41.13998,-104.82025,/{segment}/wy/cheyenne/,pop>=50k;top10-in-state
WY,Wyoming,city,Core,Casper,60285,42.86663,-106.31308,/{segment}/wy/casper/,pop>=50k;top10-in-state
WY,Wyoming,city,Extended,Gillette,32649,44.29109,-105.50222,/{segment}/wy/gillette/,top10-in-state
WY,Wyoming,city,Extended,Laramie,32158,41.31137,-105.5911,/{segment}/wy/laramie/,top10-in-state
WY,Wyoming,city,Extended,Rock Springs,23962,41.58746,-109.2029,/{segment}/wy/rock-springs/,top10-in-state
WY,Wyoming,city,Extended,Sheridan,17873,44.79719,-106.95618,/{segment}/wy/sheridan/,top10-in-state
WY,Wyoming,corridor,Core,I-25 (Wyoming),,,,/{segment}/corridors/i-25/wy/,tier1-freight-corridor; full-exit-coverage
WY,Wyoming,corridor,Core,I-80 (Wyoming),,,,/{segment}/corridors/i-80/wy/,tier1-freight-corridor; full-exit-coverage
WY,Wyoming,corridor,Core,I-90 (Wyoming),,,,/{segment}/corridors/i-90/wy/,tier1-freight-corridor; full-exit-coverage
